-- phpMyAdmin SQL Dump
-- version 4.8.5
-- https://www.phpmyadmin.net/
--
-- Host: localhost:3306
-- Generation Time: Jul 16, 2019 at 07:06 AM
-- Server version: 5.6.43
-- PHP Version: 5.6.40

SET SQL_MODE = "NO_AUTO_VALUE_ON_ZERO";
SET AUTOCOMMIT = 0;
START TRANSACTION;
SET time_zone = "+00:00";


/*!40101 SET @OLD_CHARACTER_SET_CLIENT=@@CHARACTER_SET_CLIENT */;
/*!40101 SET @OLD_CHARACTER_SET_RESULTS=@@CHARACTER_SET_RESULTS */;
/*!40101 SET @OLD_COLLATION_CONNECTION=@@COLLATION_CONNECTION */;
/*!40101 SET NAMES utf8mb4 */;

--
-- Database: `qinder`
--
CREATE DATABASE IF NOT EXISTS `qinder` DEFAULT CHARACTER SET utf8 COLLATE utf8_general_ci;
USE `qinder`;

-- --------------------------------------------------------

--
-- Table structure for table `match`
--

CREATE TABLE `match` (
  `id_match` int(11) NOT NULL,
  `started` timestamp NOT NULL DEFAULT CURRENT_TIMESTAMP ON UPDATE CURRENT_TIMESTAMP
) ENGINE=InnoDB DEFAULT CHARSET=utf8;

--
-- Dumping data for table `match`
--

INSERT INTO `match` (`id_match`, `started`) VALUES
(5, '2019-06-24 15:12:38'),
(7, '2019-06-26 07:47:00'),
(8, '2019-07-15 11:17:07'),
(9, '2019-07-15 11:17:10'),
(10, '2019-07-15 11:17:12'),
(11, '2019-07-15 11:17:14'),
(12, '2019-07-15 11:17:16'),
(13, '2019-07-15 11:17:19'),
(14, '2019-07-15 11:17:26'),
(15, '2019-07-15 11:17:59'),
(16, '2019-07-15 11:22:22'),
(17, '2019-07-15 11:22:23'),
(18, '2019-07-15 11:22:25'),
(19, '2019-07-15 11:22:26'),
(20, '2019-07-15 11:32:20'),
(21, '2019-07-16 08:15:52'),
(22, '2019-07-16 08:15:55'),
(23, '2019-07-16 08:15:57'),
(24, '2019-07-16 08:15:59'),
(25, '2019-07-16 08:16:00');

-- --------------------------------------------------------

--
-- Table structure for table `message`
--

CREATE TABLE `message` (
  `id_message` int(11) NOT NULL,
  `id_user` int(11) DEFAULT NULL,
  `message` tinytext,
  `ts` timestamp NOT NULL DEFAULT CURRENT_TIMESTAMP ON UPDATE CURRENT_TIMESTAMP,
  `id_match` int(11) DEFAULT NULL
) ENGINE=InnoDB DEFAULT CHARSET=utf8;

--
-- Dumping data for table `message`
--

INSERT INTO `message` (`id_message`, `id_user`, `message`, `ts`, `id_match`) VALUES
(94, 4, 'yo', '2019-07-10 12:17:02', 5),
(95, 2, 'heyy', '2019-07-10 12:17:08', 5),
(96, 2, 'heyyy', '2019-07-10 12:17:13', 5),
(97, 2, 'yo', '2019-07-10 12:17:19', 5),
(98, 2, 'coucou', '2019-07-11 07:28:18', 5),
(99, 4, 'ça va ?', '2019-07-11 07:28:25', 5),
(100, 2, 'oui et toi ?', '2019-07-11 07:28:30', 5),
(101, 2, 'hey', '2019-07-12 07:09:58', 5),
(102, 2, 'hey', '2019-07-12 07:11:30', 5),
(103, 2, 'come on', '2019-07-12 07:12:00', 5),
(104, 2, ':)', '2019-07-12 07:16:17', 5),
(105, 2, 'oh', '2019-07-12 07:25:30', 5),
(106, 2, 'ola', '2019-07-12 07:27:06', 5),
(107, 2, 'ola', '2019-07-12 07:27:07', 5),
(108, 2, 'hey', '2019-07-12 07:29:42', 5),
(109, 2, 'jeu', '2019-07-12 07:29:44', 5),
(110, 2, 'kikoo', '2019-07-12 07:35:23', 5),
(111, 2, 'kiki', '2019-07-12 07:35:25', 5),
(112, 2, 'ola', '2019-07-12 09:14:13', 5),
(113, 2, 'ola', '2019-07-12 09:14:14', 5),
(114, 2, 'hey', '2019-07-12 09:50:11', 5),
(115, 2, 'cucu', '2019-07-12 09:58:02', 5),
(116, 4, 'yooo', '2019-07-12 09:58:28', 5),
(117, 2, 'wassuuuuuuup', '2019-07-12 09:58:32', 5),
(118, 2, 'ouuuh', '2019-07-12 10:03:02', 5),
(119, 2, 'hello', '2019-07-12 10:03:07', 5),
(120, 2, 'hey', '2019-07-12 11:38:56', 5);

-- --------------------------------------------------------

--
-- Table structure for table `photo`
--

CREATE TABLE `photo` (
  `id_photo` int(11) NOT NULL,
  `id_user` int(11) DEFAULT NULL,
  `photo` mediumtext,
  `active` tinyint(1) DEFAULT NULL,
  `ts` timestamp NOT NULL DEFAULT CURRENT_TIMESTAMP ON UPDATE CURRENT_TIMESTAMP
) ENGINE=InnoDB DEFAULT CHARSET=utf8;

--
-- Dumping data for table `photo`
--

INSERT INTO `photo` (`id_photo`, `id_user`, `photo`, `active`, `ts`) VALUES
(6, 2, '/9j/4AAQSkZJRgABAQAAlgCWAAD/4QC8RXhpZgAATU0AKgAAAAgABQESAAMAAAABAAEAAAEaAAUAAAABAAAASgEbAAUAAAABAAAAUgEoAAMAAAABAAIAAIdpAAQAAAABAAAAWgAAAAAAAACWAAAAAQAAAJYAAAABAAeQAAAHAAAABDAyMjGRAQAHAAAABAECAwCgAAAHAAAABDAxMDCgAQADAAAAAQABAACgAgAEAAAAAQAAAMagAwAEAAAAAQAAAMikBgADAAAAAQAAAAAAAAAA/+0AOFBob3Rvc2hvcCAzLjAAOEJJTQQEAAAAAAAAOEJJTQQlAAAAAAAQ1B2M2Y8AsgTpgAmY7PhCfv/AABEIAMgAxgMBIQACEQEDEQH/xAAfAAABBQEBAQEBAQAAAAAAAAAAAQIDBAUGBwgJCgv/xAC1EAACAQMDAgQDBQUEBAAAAX0BAgMABBEFEiExQQYTUWEHInEUMoGRoQgjQrHBFVLR8CQzYnKCCQoWFxgZGiUmJygpKjQ1Njc4OTpDREVGR0hJSlNUVVZXWFlaY2RlZmdoaWpzdHV2d3h5eoOEhYaHiImKkpOUlZaXmJmaoqOkpaanqKmqsrO0tba3uLm6wsPExcbHyMnK0tPU1dbX2Nna4eLj5OXm5+jp6vHy8/T19vf4+fr/xAAfAQADAQEBAQEBAQEBAAAAAAAAAQIDBAUGBwgJCgv/xAC1EQACAQIEBAMEBwUEBAABAncAAQIDEQQFITEGEkFRB2FxEyIygQgUQpGhscEJIzNS8BVictEKFiQ04SXxFxgZGiYnKCkqNTY3ODk6Q0RFRkdISUpTVFVWV1hZWmNkZWZnaGlqc3R1dnd4eXqCg4SFhoeIiYqSk5SVlpeYmZqio6Slpqeoqaqys7S1tre4ubrCw8TFxsfIycrS09TV1tfY2dri4+Tl5ufo6ery8/T19vf4+fr/2wBDAAMCAgMCAgMDAwMEAwMEBQgFBQQEBQoHBwYIDAoMDAsKCwsNDhIQDQ4RDgsLEBYQERMUFRUVDA8XGBYUGBIUFRT/2wBDAQMEBAUEBQkFBQkUDQsNFBQUFBQUFBQUFBQUFBQUFBQUFBQUFBQUFBQUFBQUFBQUFBQUFBQUFBQUFBQUFBQUFBT/3QAEAA3/2gAMAwEAAhEDEQA/APhS20T5/LVBkYyAMDpxmtePQHjgV5pY4IwOQzDd15GM18hUm0foUIOTMe58QQaY22zRJz185mHTPoaxtU1+6uF3SMSW5IyOfX6CtqdLmaci5zSWhz91dMZWUsrFQeRjriqbXDuSoQhs5yTk4I46V68IKKPCrVXLRDIrSVnEjcjPfnP0q5b2Q2q7D5e+QcZz3onPoiaNF3vIsSxkc9MjkjHNNS13YLuEXkNuzWKkdUop6MVrmKEDCbmxyyrxn1qBtVaWceaQ0R4UIvbvVKnzanPPERpaI1NN1m2067jdm2kNng5ORj6cfhW2PiFp6XoySI1Gfk5O6uGrg5VZXN45nGnHc5PxD4iXWL6a48nKStkEnkc1dg8XvPeWMrRg/ZxsU9RgAc13/V7U1HseDVxfPiPaWLq+LITctnAJYgoAD37e1WH12K4VNyKUc5BLV58sK4u59PQzGM0ky3ZXAmyytiUHOAc5/Cpbtyg2KQWA6EYGf8iuNxXNY9uM04XH2c6NbH5fm74FNYxyysMBXJyrc5qbNSbLTKtypjcKpDORwSc7cGpEHmQfMV2rgBl5J/X6VpfS5W4JG+RuUMCvGWPAqTyz/wA81/76NK6K5T//0Phu98XovFlFsXpuUDJwOKfImnXXhx7ubWhBrTTKE0+dG+deCW3ZwOTXykaTbuz7vFV3Sp+6chqMMFtpkOoLq1tNJcSyRNZDPmRKvIYnuDniufnuLq6KZc4BxtYn68+1evCKWrR4axE5qxJbWqxMGky7AEnPGBjp39KvpbMGOxsjccj044qakvuO2jS5Vdl6K3aSLYFyp5LYwT+lTT2i21sksskas3ybFwTkdD16c964nK7sj0klH3mZ1xqMSSMiRgheM+tVbmdZHk6yIMsG2/XrXVCDS1PExmI5XaJHK+bd/LO5iByq9OPrWYEZxuKbFQ5wTgMO55rsppJHz1So5jPKkuHyE3qwJXf0IBxjP+elDIuPKK/MvUjufr3rfyRhLYbhVwByOwPWhLhkYPgkdAvbFK19zPUa3+tC8owwRjA+tIsskWFXPoQD0p2vozWMmtmaemeJJtNR+r+vTg/XNbdt4la+jQMHQhcFuM159fDJ++j6bBZhLSnMvpcGIbgPkPHDZwfxp0c4llUbmJ469Otea42bZ9ZGexsGPITnAUc44HX6fSo/KSIsqRjbjPPpj/8AVXFzN6HXHYc7Fo0wDzzgYJ/X60zD/wB2T/vlf8aLILn/0fzsOpWShY+ZJsnO1SQOe5/Csi81Ke4G4noduMHCj8R9a8enSs7yPp8RWc/ciNTSzMwLbZHAx8pGMdBWla6YyFQfnJ54b6U6tXoaYbDpK5bTSD5gCoWk2/MhIHrUrPBaF2kdS2c/usEjGa5G5T0R6OkVqUdQ13gJbqFz/GV5BzjrmqDea/zzOVHLEY68/wD1q6oU1BX6nl18Q3oXY9AnlhWeRFgtycl3yCQfT1NUJjEQ4MewKfupk546n/Cttz52q25Ntkkd1bpavthiLsD+9lDDnOSBj2wMVHJrf2aMwwW9uqsQd3lcjGPUmrUbuxzXsZl3eSX03myszOQB8qgfy6VXmcH5s454yea6EiN9RfJR8lWG/HAHSmqnyE7zkHGB+lVcm49j91j97+9/9ah1i28Bufu5BxSQtehCFVR0HPoM1OGMP72MshxjI7k03Z6M1UuWXMje0zXAlp5c+HkVuG7kGt6IBjEVYE5BOccZrxcRT5HdbH3eXYj21JdzeKPIqBsPIFAC5x9Dx9asLahl5BOe2ACPp6V4cpWPo7ajWsPM2lMnAx0+lJ/Zr/3T/wB8mlzisf/S/OK2s9igbSy5yQQcdKsxWA2hmO1Bz8oyQP5V4Uqmp9lGgklIuadbiRXUKyMBgDqPzAqW5ns7BiPNMjjqidR+YFczi5y0O1NU43ZjTeIJbh2wfLU8sAQCc9az97PcfMS0jH7oA6/QfSvRp01BHj18S5uxrW2jtFFukjcyKMsu3AXI4JParMFnDbvFeXVz5EYXeFlBJcDg4ABz256e9KPvHk1pdilrmu/bHlkV/vMCoC8bck+vvVFLgm3f5VXfnBc/ez1rTksebNtsz3mYOCAwBGGypyfX2qPyzImSuR6t1610W5dTmkxHhJCt1JGOnIIqOVcSDcNp9CeKu/QafQIxtY42knjGaEBV9ykZ6YJ6UCFcAvndkduKUln2orbkHQZxS0BMjmlyvG0Y4245+tOWQrxIisSOMk1VlYq1w35fATJ6Z7qfzroPD12FvY1LhiDgK55I7Z9/xrmxEb02evllZ0qyj0Z6ZaIZSC8WH2g9ewGB3qzIqxIvy8kZKYziviZ35rH6jHZMiuQGjRkDfQ1X2t/dP6/40XJ0P//T+BbbSGa1UsM7mbb8h46dTT72e2sIjG7pcbRnaFKkjHfPp9e1fK3c5WR9/NJK7OaudelEeyNhHCTysYrIkndWJ43E5OecfU4r1qdNRR41Wq5uzFgO5wWO0b8MMdvUf5713HhPw8kNrDqNxGrSzMY7eMgkg9CfqOauatojzJSSYazcxWxa3hnBi3DfOcjeawL+4kmk+zpPmOPkuByMjntWcVY8+pO+pkyJtmOEaJSB35Hc9aluSLyPARvLUZYEj+n0rZ33RzO+5XmgQkhELHqdvOPXH4023i8uR3ZXZFGMbRkfyq020ZPUWO1knbO1gmDg7fTrk5qmyHe3GCegYYz+dUmC7kqx7MbsbQcnJ6c+mKZNGU9eScZ/nQnqNaiRbkxhd6dMg9fwpkyiQlkyM87FHT/PNWrFpWHCHYx3EbQvPTPtT1ti4XcRwc7iSRj8KTdiZOw02+wttJx6r3NV4Z3t7hZVYxupznt+lUveTTNKUmpKaPa/C+uf2loiXMrqJQCGVxjcMAZHP1p1zMCyZJUsvGSTuFfEVaThVkj9XwtbnoxbJTIxiTYCDjqozkfnTN83q3/fusrHQz//1Pzpv/E11exheI1D5IVcEDr6+1ZF7fGQArHg/d5PBGB/9evIp0lE+qrVnK9iHz/IcHbuDAcgHn/6/aonR5lkkQBIxxwc449660tbs8mrNvY7z4O+Arvx342stOtHDM6edKzAlUUdN3TB+v1r13x74ct9CtvsdqHleFG3Oy4SNO6rjOWJByff6VnL4rnHKV3Y8o1zS2iha7vVZJdiCNFG3HHAI9uK5mbzguXlUKw+YAHJJ98Cs3ZnJNWZDDF+980klV6nruPfv0qVQbMhkKjf8gDA5HGckHpntWitYclomVrhG8hLdY9sJO4jr7mmx2LGRU2eYxOQojPQZz2HoTRchQuy5aaDczvJ5Y3pH80rIGAUH/8AWaoPEIrltpDIjEA/e4IHfnpmkmU4WGeXhFUAD5cje3U/481HFpksmwySGMbgCSCSfWr5ktxcnYvNpscYjJn81mG0JGjZHQAEnpn2qOXR5cxCOzaSSV/k2nduFSpczNJQsjSsfC6OY5tVuDao3CWsERaWTH90kbf1pmuTaOHEWkLebFQoVugC2fwHsK0dnsc8ovqYV1EIreMrjcSQ/wA3TH4Cs12IGNuCK1hqEDpvB+ozWshiSUFHUhVY9D+X1rrpbzc6KGGM4DjnNeFi6a9o3Y++yqo50LPoXIryXy/3blSMAlMDd7077Xdf89ZP++hXmcqPoOY//9X807pRCGBwpxgZ6jiqRVp2VEYLGx+9nbkdTXDDTVntVZ9IkpwHckmRyCAfUfnVad/M5BBU8gkcVaV9Tla5Fc+wf2TPDK6No66nIW+2ag3yGNMqqYIXc568j0PGK6/x34YsdY1WF48x2yoJbhlKZ3gYCr0J571nLTU8+7c7nhPxG8PXj2f26WAxGSV1i8wbdyqRl8fpn8K4WfRzGolndZTvC+Ux4PccfQ1g5G7p3Nyw0aOWykuLhFIVclljCBiANqj2z19gayZ9K/fLIV3kgl3z8gbsAOSRx1qW7j5Lom8P+EbvxdqrLBbSy+Xh5CAMKg7/AE6/pVg6OLeO7ljidpJWKQ7UxlN23t64NTzG0aLOyl+Hk/hn4dyXl5DgX0S3CKr42k9B3PBz+YrySXTfvEK47hUYuBn8v5UvaFTp2SFn0l4yItj5yAzKQwy3t7D9RVq20Z5ZN6qp5Uea3AQd8j1xSlMUKXUuQaA10wYRvDbO4jjYNhWPrjHTnn8q6lLix0Kynh0uAySQ8NqF0uVJPGF/Tk4+nerjK2pLi0YmkeFtY8XXEyQhvs+CzTv9xVHUhjk4/OsNNJs7C8n3rFdKCR8zEZHQsDxW0W7nPNJobdatZMUzaQtD9n2RxW8IGT3LMT1+melcXfSRSykwpIkbEna56V1QRx8tmPsrv7I6MF3g84PSuvs7w+WjY8zI3A/d5+n0rixUE9T6nJ6nLeLLnmv5a4fYRxyvWm+bL/z2H/fBryeVH1fMf//W/MtxuWKR5AXBPL5JOPUfUUizL5eFGD/s9COn4Vx2uemtHche78skE+ZjoAx4qHzDd3ESABS7AAqMD0rWMdLnLWqc2iPtDwPfyXNjouj2Si3WwRYZZlK7SehPA69a+gtN+H8fibVCsabFCLb24j4Yjbu3c8cjPWuOUm9SHBwszmfjD8DH1O4Swsrfz4bNURlUeUHkz8zY6csx6dcV5j8QPgdNoWsaXpVtCfOjUSzP5Q+Qvznn73HbtgVyOTbPQ0sX7n4HzTSWemR2xa7lTzvI28sh4X8/61j6t8Dbu2kWKa2AA2wpGvDb8cD26d6G7FwSbPU7D4A/8IB8JdUvBAH1DUItpkUZ8qJMFxnuWJX/ADnHD+DfgfqN54h0uA2IlhmVgGkQsFUAc7SR0BPQ9a5pyaZ3QguVyPVf2r/hwtnoQ/s+FFhW3jUBIgoXDNy2P88d6+ID4WuUumgMZ5bG5R0Gf/r0U9EzmqQ5krHRf8K/e1Pl+Q3l8qrY4bjJ5PXkmq9r4YWSOVpGWO3hXc27JBJOAOnpSTbNYQSRl3Qkh+5uWIZZC4Oe2eB6EUmjaTL4nvksYlC2sRbMkeMsfvMx4x2zgmtqcr6HPVikje8VeLbLRdEtdD0jzN7x+XNKgGG6g9Pr+VeOXkjrIEZCAeAwGRkdh+Oeldqlqec0bGsaZY6VpkKGdbjW7lAXbGEgB524Pc1z3iK3NvBavIwd5EDKwbGM+vHtXRGWp5runqc67CA4zuY859K6zSG32xJCtwOc4PTtWeJXuJnu5VdVWa9oHJdWmdTnP3c5/UVZ8pv+e7/9+/8A7KvIbR9stUf/1/zEmucRqMkyFcZ659T/ADqtM7A7onwGAzx3/wA/zrCKsb1Z9hjRmJ/3m5Sw7c1NpuRqNrgh/wB6uOMDOR39Kt7HMnd6n3z8BvBE+s6U9xFHtYo7s4PQgcA+uSf1r6h+EPhGZNXtJGjeUY3O7fITlQeQR93oOvavDUrto91QThqerWnhu01XWdWkYAbZUiG48nBz3/pXMeKfAcOo+P1uSm6MJGzpuXaQN3bORx9c1vy3jcyejOi0zwTaLrNxfLGC80aRDK8ooB4XPbtnFMl+G1pL4m0wyWcTjfJcHeufmJI49Ow5z0qnTukOm+W50/ivwJDf+F7my2jyvKMYRhnPIJJ9yapaJ4Bisn065jgTzYLNo/MHcmQ5P5f0odBOVzRVGoknxH+Glj4vs/st1bidLmDYe4DDkHtk9a+NZf2cFHjWO1lt5JIfO8p8FFDbD94jPfH6Vz1aUk9CVU93U63xJ8ArT7StvDGEhCu6lfmABGeuMevf0r568e/DefRrm4iiXClshuzL2z+tckEy6dS55TrWkmxmKxMzjysFic/8Bx/hWJ5smi6fNaQkpPcHJccYXptA7Z710Rj1Ce12Yt9pxnMhjDYRVBzyRkkg1m6fpvlzJMm6WdCWIKcowJwemMcVu30RwNamXq88lxM73RG5WDcpzIc9z+X5CuXv7l7pYhKQ7Im07eMDOACPpXVSdzgraMopbtIw4ByeMmus8PWpkRwMHBwPpSxckqZ6uV+9XR1dvpMpJDIVUdS+BznjvU/9kH1X9P8AGvnnUR+gxp6H/9D8umlURYMeWznd0pwkDffIC8Z45Ix/+qs+Uh6iIfOaRgM4GFwal0mcR6haht3+tXAHbmk1dNDSsz9VP2SdNQeHWifPmqwVj2APPP8AhX1v4Y0eLT4twGZCoXPrx29K8alD3mz2m7RR0Wn6bHbF2C4eV97EVSm8Oi9uruUAbXRYwBx65z1r0lDQhPW7LdhprR3T71Vvn+VsYO3AAH6Vo3Fmj6pbS7Bu2bc9O+aajpZiuaF3ai4tp0bIDrx9aS20xbbToWIyCm3b7e9a2W5N9LEOoJ5lpG6sA6YwMdu4/KvKPG93aaJrlvK0MrSTs+WVSVweSOO/WsKslHVjUHLQoeKvGGi6DMJL10RZkUQvs4IOAB29cV5l478NaV4qtbi5tJI5PIwZCkbKFyMgY7/h61xz5XHQxcZQlqfMfxB+HT6ZqRjAHn7x/CSQWxj1x7j614B4k0ue21S5eQHKyupZhk9efx/xHpWUU7HS3dFgeH2MaMz+Shj3Oep9sj3zWRrNlDbWqQwE/aJmfMX8QTgDOMjsT+VaW+0YdTkdTjWGEIBhpC2TtHPGMHniuSvYAJygG49gDgnArahJ3OWsirvyit935sBe+RXb6Dqj6daKPJ3yHoXHA69DjmoxcOaNmellHu1OZlq71Se8b5pGkIPReNo5496r+dL6SfnXkqnFaH3HOz//0fy7x5cbK3AHA3f596WKzLyHouMYw3WsnKyuKC11LkdssEvznjgjA6n2o0gJHrto0yrJGs8Zfd6Bh2yOwrO97s6JxStY/XD9m+2FsjRRRhGkghmfAZd5YEcZ5I49K+pdJTbCo5BAGe+a5aS3O17G5b9eRg9QKvW8QI3EZz1r0LaEbItCLaVPGenApstqJpEcDlO4qeUEWkTcgB69KkYkw+WaewzLKlfMT16GuR8c+G4dWsCJUGYB5g6jp16e2a5a8OeFjam7SufOn7Teix2HgHSNQtnV1t5DGrKDkoT8o/Diuk+EOkw6t8O287LGQlFbcd2zGU6+ma86lpeLNMSv3akcF8VfDVvf6xJMqrIbSE3U6IQCMAk5Pse3tXyRd+GJtU1GR5QkgaRpd0hJyT74H+0Onaqu0cNOaehX8Uz2+l6WyWxdJ5du1gwZmGB2/wA9685vNIms7UXM65MmNikYc4OM859zWq1Q9r3OXu4PNvWimVxJgyhSp5yM/TsPzrhb6MmcnBAB2hj157H8TnitKTSZy1BsEW6RA7ZDMMs4OMnGTxXQWgLkBYwgGPlLck46+w61GI1R6+Vx9+5cScL94YA4x3p/2qP3rzuU+vuf/9L8zJbYBh5scnnMchpBhWz1/WoLeHgISSmSSAfr1rkbPQp049S0kCsBiQNHtBbnG6qkCKt75kZURhgfnyfw6H9aUXox1aa0aP0++BXxLi06zt4fMWdFs7dXdIy3G3O3CjrnGT719I+Cfi1ca1qBhGlt5IHLOSrgevpjmuKM3FnXGlzRueradrNveRqVchhxtNbltJvHOMV6cJcyMGrF0uAnJpFuRkCruTa+xaibIyDxUjrlSCOtG5OxTkhA7AGqc6jPIB9jzUS2KizzX4nfD2DxT4V1DTgm6OQmaPkfKw69eBmvGfCnic+AbW20e8ZTNGUi2ZONqrjJJA7YrxKl4V7HVN89GxyLazeeL31rSY7WVb2Y8CJQG2MeMnpjBPeuGuvBr6Y8s9qsjJGgjZsgjaOpzwMHgV1Npo8yK5WeZ+KvC0aajBDLLI6Kil2ZQRGByAMkZABPpyK5nxLbWVxpE10sTrAuUjCkgD6nHPUDj0qI3RcmeNa2sVpaTEIRczJzKmckE/0Ax+dcjd2iI5ZleRk5Ukclv/1iqi7Mzeisx+l6YbuZVKqhVN7bScjr1/P+VWJoWV2WMgRZ3EN1Pvn8TWFR66nu5bGycgLiRdqZHQ/Lz/Om+W/+3+Q/xrLQ967Z/9P8z44QJC68kqcMDnJx24qI27lVk5WRuQSetcPNY9xU77FpIH2b+z8Z/hAqrNZx+eD5iA4PB7/TtUxlqVOCUUz9Q/2MY9GtPA0OrTQpDJ9mhWSRyNqsEG4AY7Dbn6V7tZfHbwhBeR2P260Ew3I2xgxDL1BVQTnjjsc1jG8pNESuo3Oh0D4g+HfEga60fUI5XjOJYs/Ohzg5H1r1PQ5vtUEbjkEDkV10/ddmZPa7NW4iwMBsZrMuLbe2SxGO46VrImJiz2OpWU3m6bdBCpy0crEhvbnpW3ZaveNEPtMBiboTncO3T86mDaNJWsaMWppMuHzn3pJApPBODWlrmS0RXNuGZk27hjH+FfLHxh8HSx/GGGQKRYC2F27g4HyjkE556frXl4pWakbUdbo2/DPghdDj1bXXkO/UowIllA3xwg8gEeuT+Fcjq0a2uiG6gjctNtjQAqCnfnqOTgdKUVpqcdRWPBfG9wt5rZRZDdyH75iQlVPZF45AzjIrlfFkEupaUkctxBBZ2jeVHhSrk9BuyTznd+GK1S5kYnj/AIj8MS2loryx7FlDrKHGdjZP3cZ4rz6bTPIVlaNyq/M7An5VycGsJR5WW3dm0dIh0yIzvP8AvJog2C2MKyhh9a5baXkJG4g8IeDXO2mfUYCHuCRwmP5+ZAeOCOv4kU/I/wCeTfmv/wAVSuj1Nj//1PzPt0kVlcqQDwVJ61fj3Io4JPH+r615c7dD6OFwb96DwNuPlz2/zmq13bR5jdvmQ8HnnNKD5XY0qQ93U/TP9k34df8ACV/ASxhuYpJjeFyzlsZG4gH/AOt7CvpPR/C2l+AvBmsweH9MtdH1I2j+QVhyfM2feLYyST+RooN80pHFVXNFRR8qfD/wLr7+JptWSy8Sf8JI99CkciQ4s3hLnznnJ5x1I/CvvD4VvJL4dtWmznkKSc7lzgMPY1VJ81RtnoYyMFCKgdleyDIAHHSsa9t52JIXCepHArueqPJhZbnm3iSXxVZ2mq6pEljDptghmE95eOnm4AJAVEOPQE/lXFfC/wDa58L+K7tdM1Cabw5qeMeXqTq1vIx5wkoxySe4GM47Vk2oOzN4wlWTdPofQEc0OooWZCsh9B29j+v4ipre3a2c7ZHZD2btWq11Rha25dWMMmSOc15l8WPCbahPYajDEHlCm2lDHgxswP8AT9axrU7xCD5ZFnVLCJFtrdciO0jBKrwCB6jFeBfF7U7a08yxt3C3TsFjCqdiJkku4/ycYrCxhU1PCLy0srG7uYo52zFGFZzGd0hx8zccDOQAOwrjfFeo2z6fHaSRLbNb75JhP1kJbKjkknA9+nbNJPkRjds8w8ZSSMLK2ZsFEVmVHGXYkEjrxWLpWlHUZp5EUKjuSxYbjt3dD7AZqV77K2MPxzeSDV7Wysh9sKqIFMEZ4PG0AAe4/WsPVdB1LSWRdRsriyJ4VZhtJx14zx/9asJ0eW8ke5gsak1Se7KqGNi2QHQfdB4p/wC4/wCeK/n/APWrkPo0rq5//9X83FbegZ2JbBO3OMDIxTyioQA4ww7A/ofwrx3c+rVkLHAFf5cE7gAvY8dabLEqyR+XtUnODyzA+1JO7N6kfd1P2d/Zb8Nnw58GvB9kUCNFp8TttHdxv5Pr81e2mVU4XaMfdbutdFH3Y6njTumYXifWJbaJbCF2ae8bYRn7o5Gec12Hhqxj0zS7a3jUKkaBRgYH1xWkGnJpFu/JqaMp3yZ681X1SXda7NpMb9eldCMEtTjvHmmXPinwLq2hoB5txFthlXgKwxjcOmMivmaT9lLxj4ssNA0nVV0jS9N0x5AxiizNKHcsxZlX5sn1PFcteLnK6PWwVSGHhO+7PqT4d+Ebrwh4fsdKluZrxLRBEsk7FnwOmWPJ+tdnHAVJPbPSuimrKx5dV3k2iXYNhGOTWfqVst3C0bBSQQRkZ6Vc9Uc/U4bxXd/2XZahcHqYypwCeffHbmvj34l+JJ9Q1CeKC0Sa6L4k2AHYOR1PYAdK86b1CXc8tvNG1OytbVL24wGLSCGNtzZJ4Zmzjt09q43xBbvGsk91FcXMMnKxht3Ge5IyBwPzNZSkjanS5tTyfU7u5vNb86aIyqzM5VmGS3Ocgcj/AOtXo3w68KSeIFt9KRjDc3eWDsCAFOBkt6DJPNdFI5sRemrnoXidPhn8BNKmjsprfXPFEhBe9LI6wEAfcHc8V80+OviPP8Q9Y+1vGY1hZtm4fM57sQB3OT171VafLS5epnltF1a6qvocoYio3KOD164zSYf0H515B+hppI//1vzfSN3JdUPmZwFABG2pBCYYnLbTjqDnKn0GcdeeleNpsfYQhbVi2ysrHIGW7McY59OtXvDukz674o0vTo4t7TzxwqvA+847/Slpqa1GrH7m+AdEGl+HrG1TiKG3jhTAAwFUDBHrxXSXFs0QyPqSB0rrgvc1PEbvJmf4d0Rr/V31OZCf4Yg3QdiR9ev412v+qQBj04Bpwjyq5rLYnj+ZAcDpSTW/mrtIGPSt0YPRlMWXkOCAMA55Ga0bZAACOBzxWiFJ9SyY1xkZPvTGPHcUMjcY5AGfSqV1Jj7vJ9qzbJaPK/jJdeV4eMEUTzySnYsa4BYnAGefUV4hpng97Fnknto7i7nkLs+AWZ8ZCAEnpxXn1Wr2Ruoc0TX0j4DXfiK5VbyIrcud887bBHapn5VQgnc5zzjIFdjov7MHw9sAkN9byavLGrCSW4Y4djk9B0Armp0pT1Z1xmoK0Txf9pv9jjw/p3hWfxJ4Ohkto7FTJPZbyyFBwWXngjGSOa+IfGHi658MWlsunajJbXU0ZjfygUZVHcg4681vSm6baMsRSVezPJr68uNQfzp55bibccb+ccfpT7VS7SSFSec/LnJyetZVJOWrPRwtBUrKJYUiJXSTDBWwAV68fWjzof8AnmP++f8A69cjPcSP/9f86yiLyFyDnAPBPPcfhRHHvZisWcYy/HGPY14C9T7dptDXkEpy2Mluh7nFek/sy6cNb+PHg+2lAWB7+NiRnjGT/SmtjCqrH7caNGn2aNQe/pVfxSJDp5giJV5TtO3rt713rSB5C+I2PDl3A9rECuNoCMD1yBWncmO5k2RA49D3rVP3S7O5FFK1tMqv34xir7suODmmnoTNakap83PT1q1HFsOTnBrVMiRJJjsOKqyuBnimJFSWTAPzflVC4uPlILfL3xWbYHFavo7a1qH2iXCgZVT1CrUukeFrOyEt2YhiHPl/L91frmuXkTbkzSM7aHS6JH5g83yA8MeWWIDAI7ke9aBns73mAAALjbjn3reKUYmkYa6HC+O722t/BPiJr0gWaW1wH9CuwnGP0r8SPGtz/bOuSzMeMsB8oGBuOAMfh715FeXLWcUe5Qo3p8zME2yvPuywwejH7vFTpIltjaqs5wOMj+f0rKTctDrjFJ3AXQQFvLZ2J6bcgD8KPt5/59m/74NTym/Of//Q/O2J1AwwxjOM0bCyEjBYZB3HkYP8utfO2PvNyRAycjDZGcgg11fwN1+Lwr8Y/C2pDG2HUId6qDkDdgnk4xgmqjszKstD9wtHux9lTbjkBsE9u386feSNfDrye4HSvTh70TwZaMdaaQ7bJEleF8/MB0at1bGOS2G5SHXgMjEGtOVpFKdySGwmd1d5gdvQHrVwkhh39aIqwSdy5BjbU4zjtWqsZEErkZAOapTS/L79KT1KRnS3HzYGfrVSWQvle59KzegSRTIK4GxRzya0bcJNaNBhQ0vygcYI9TQrCS6mnayxaRB5Em3CjCsOwrm7mQWwnvYlISTdhP8A61XKyR3UVd3Z8m/tsfGceCPALeG4ZVOs6puVkifiOIn5if5fjX5lTI1w4dTsAzgE5K4GSOf88183KXNUcj6aMLU0kRqgizgB2c4x15oFuiOnz7s4B3dM5ocnYFGw8worEmQRdsjOD+Ao2Rf8/Y/75b/ClzD0P//R8a03/gnh8RZLaNdQls7OZwSIzIX29flyBjn61Le/8E9vH0BIgnspo9u9Y9zD09j1znrXjOhKx9E80hF2OD8V/sifEnwmvmPoD3cW0s72x3dPbNeNarouo+FtU/f2c9ncRyEKtyp3Agn29awUJLdHSsXTrxsnqfs3+zv46i+Jfwp8OapHJ5ks1nGkzj+GVQFcfmK6/wAU6ldeE7cX7QmWyTmVlPKfpXZSdoXRy8nNU5GTaF8QrC/VY9wjYgkYIIb8fWus0vX7K/XCzbTnGCMZrujJSR0VcJKl0NZJFQDDDae9I77X5wO+O9U9NTgaJ4JQRzkfSpXlwMge1K+hFiq8pByGOPeqk77gam5RmSuQxUkmoeQcLnJ9Bmsm7kyIpGja7hgZ8PI2Bj+tbtvpdq8uZk3MvAI6AUJlxTtcbdWyQSEvFmMcA849uK8v+Nvxi0X4ReG59V1idFuipWzsUb95M+DgKP5ntWVafLHU78PHm1Pk39ov4br8aPgdovxO0uJo9XitzLqCgEsU5DAH/Zb26Yr4Kv7CeGWQLIDySTySPf8AHivn7ezm1I9fCV/aQa7FCRJA6kFjnDdgeQM059sKlpB5fGSH7fnXQ9XZHTOVldmTPrDmU7OFX5cjqf8A61R/2vP/AH2/Ou5UY21PHnjGpOx//9L7VaCe88VQ6dZuiW1pCJr1mBLEt9xBxjkc10CaOqKNqBcnt/L+dbpLqTUpqNiOXQYZwUeNQCOwryf4y/s0eG/ih4T1Gxm062jv5Iy0F2seHSXqCT6Z4/GuerC8WmZ037KaaPmf9irxlP8AC3xZrPw+1gtaFLlzBBcHayyghXQDOOcDvzX2j4viXX9FuLOMqfNiITJGCD/n68V41J2TgfUKXvxmeM6X4egsSUUyWV7CduUO0e5GPX6eldno+lzzTjdqzruOW3fNxjnsDnNdlONtj7OVWE6SbOhs9J8XW5Mlhq6NCzZjjmhyAPpkHFdjpNtrlvEG1Ga0mOekCMuPzzW2p8zjJUn8K1N+AkqCT1/SlkfbnvTueQtSu77u5X2FV5m2LjOalgZc7jcSTWTqmtJpaIChkeRsKg78fyrJuyDd2Od0XUbi31w6rqGWjRiAD/ApHJ4H412Vz8RfDVrD9pfXbGGHqXedVCjvnJyOPasPaKGsjupU3U+FHzX8bP249K0ZJtO8ByQa/qC5WTVGDNaW3X5R3du/Ax714f8AApdR+Nnxnm1nxPef8JBKkHmKLjLoF6AKuNqjqMZrihU9vU12R7eIw31TBOp1Z9u3PhzS4fDn9jwWsSaZ5Ria1KAoEPVcZ5FfGH7TP7EskUEniT4fQmSMAm50Rf8AWI+Tlo8/eHT5e3bNVi6N1zI+Wy/FOjUaezPhbV9+hym3uFEcwO0hhjDdwQQDnPbFclqOpG9Vg4YANj5elLD0/tnu4qvfRFe3ieUE7mf3zUv2WT0b8/8A69dzcbnkKi5an//T/QXRNCbTzeTSjdcXUvmO/rxgfoK1DaZI7CuhaEyfO7jPs3PaopLYEFcDBo0Zk0fGf7ZnwCvbW9j+KHhCKWDV7TbJeJB1JX7svTqMDNdL+zT8aofixoUIl2x6zbfuruFWwd4/jAPQEg9M14VSHs6t2e5Rnz0vQ+gIdCs72TMsAc5yS3JJq2fDNpE4eOAIw7rXYoq1zpWImly3NC2s0izlQTx3q9nauADj0q+hlL3ndkZdoQc96ikl4B6j0qL2JWhUknwck8ZrOvb0BWOenYik2krjOZ1LxAmn5ZiDLnAXPP1we1codRvtXu38reqEBC5GQD3x29PzrinUuzopwv0Mjxn8VPDng+waznvluLlRj7Pa/O5PTBboPx6e9fJHxD8aXHiu6uWt7GO2iml3hFTzJjnszY5+gArycRVUnZH3WT5S4RdetokXfht+yt4x+IscLT23/CPaMpBN3dRlM5AztjHzH8cCvsn4SfArw/8AB3T2s9IZ7i5nO6e8mA8yTA6cDheOnvXdhKTjqz57iDMY1ZexpPRHZyWuZwkeTGpDFVHAH+cU2WWFdRS2OUDKcgA4Q/WvTnqrM+JvbVHzN+1B+xBo3xbjk1rw75OmeI2Yu0rHbDdE8/vBjhs9x+NfmR4p+GuteDPE97o+s6fJZXto7RzROOhHcdiCOQRmvMk/YNpnu4R+30KkWlrbIQqBtxHQf0p32T/pkf8AvmuR1W3c+rjRgopWP//U/RqO/cDJUHPpWpaXlpOoSRdjHjJ9a6GtDnTLTabBIuI5Ac9qzbmwaI7QPxpJlXMrUtOivbWe2nhWWGVCkkbDIYEYINfnN4x0dv2Tv2pILuBCvhXU3EkSDJH2eThh7bGz0zxg1wYuN7TPQwb95xZ99eH7+DUbKC5t5FmgnQSRSq2Q6noQfQ1vKRJAdhHPfNODvE7JK0rBGAoAPOfamyzJHycge1DYSdijdago6N065FZl5rMUZIMgU4zzxisZSXccU2c9q/jaw06Mme8hhBXdl2xgV5Z4n+POkWwkjsrkTnGDKzY56kY6/pXDUrR2uexhcvq4iWkTz/UvjMsiOFt3uncgbpPkTP15JHTpXM6j4/8AEniJo9Ot7m4RTkC2sV5c++AW7DnpXl1KjbtE/QsFktLDRVav0Lek/AXxt4kmzHozqjNueW8kVFORnOSefwz9K93+FP7NGieC5LfVdVePU9WiQEKVHkxN/sjvj1Na4bD875pHm55n1ONF4fDM9VubxYyVCkgcdeTVRbG7Z13kW4bleeWH9K9yKsfk05uTbfUtLaixLbcgEfNuJIqhK+Ll9nytgjp1ya0auiEWLVyxe3kjY/LxkAA/5zXgv7U37LNp8ZtI/tLSlt7bxLbKNksgwJlAxsYjqeOK4MXT54X6o7MHV9hVTPzB8WeEdT8Ca5c6XrFpLaXsDlJEkGDn29R71j+en+3XhJo++jLmSZ//1f0Ht72O9gE9vIk8ROA0bhl/Md/8+tWFkIOAefUV1nHGaa0LtreOjAB+ScA+9aMeoF1Ib5s9z24qGaJkFyqSKCuefTIrwv8Aac+All8cPBjWiyra61bEyWV2wzhsfcPsen5GsqsVOFjSFR05c6Pl79l74i/EDwN49v8A4Vau9rczWUbSW1lfSlJFVSCyxNg5G3nBx7V9f2vj27tPl1DRb+AN8weGNZ1I+qkkflXkRlKDsesq0Zu7C9+KlnbQLKLDWLkHG0W+mysf1AArynxX+0f4lhZhYfDjxEYGJ2NPCsbMPUjJ28Dv60qs5W0O/D06dR+8ziZPjf8AEjWs/YPBV4jHgeYJHU55Xoo7Go1/4XZ4uYqNEm0+FsMqkLCDnry7f/Xrz1CpK571Klg6PvTlcbJ+zl8SdeugdXubZVlbcTLe7lGe3yg9MVrWP7IfiBZI1k1jSo1HLOgdiOOcDaM9+tJYRt3Z7FPP8HhValE73wz+yl4f06WKXU9RvdTiK/LEAI485+bOOcfjXqfhj4d+GvCSrcadYW8M7MVEyxgOo7jd1x7ZrvpYaMXdnzWY59Wxl0tEbVzcwq7KfnyMDnjAP+FUpb972Ty4lcD1Pf0rtUUj5Jyb1YwWTFl81izg8EnJqWUhXUOPo2aUtBJaXK93KXRtxyfU1QtEUo0jck/dHHAoewE0+1BHKMZXA3Z9alnfcuwNknqVbr/9Y1nJ9GSeOfHf9l7w78dZLK9vbhtN1S3O03aKGaSPBwjZPY4xXkf/AA7i8Of9DPP/AN+k/wAa8WphLybR7NLHThBRuf/W9E0bVrjRIPI0i7NjJGzboreZhDDknBkdc7mOOgH1xmtJfij4qtoFEPiW+AL4LTRCVpCMAbFH3VOM8jOCPpXruKbPjY15xIJfjt4+iZmXVoZXLf8AHv5SyRxrhfmdsBh9MVpW37U3jGNA/wBltZVHLMISxnYjOI0BDYyccipdNWsdkcVJLUjuv2pPHLWskcek6at+AT8hZ0RctzICQw7HArj/ABD+0P4/8Rxssepf2fa8l7myttplyORGj4YjPoTUqkuopYts+epvCHifXP2gPCGtaBqksXiaS9iRnMzSToqt80sgbttz8vp3r9G9J8VXkDSW+s2P2aaIsq3dkRLDIoA+bBG5PTByAfzrxq8eWrpse5h5uVNN7m2dfsbiTctyWDr8oxtGTnt9AKl028s5syJdElsZ9MgYHf2rLQ7VJrqX7e4toMIs/msg2/M3GfXApsd9EHDvIpwuwBFJPX3/AAptpbFczfUjTU1RN3lbx/CdtLNquMSJG7g4AB/lyahyAeby/uEx5CW8XHO7LE/Tp696bJbTSxLumzk8qo24prXc0srEi2EZUM6kTDjHJqeS1VLffyjKc7vamSMeMiUAseQDz9KbPEAgUucKM4wDxSYnoZ880UziKNtzD77dhTobYrbAbVYAYxjHFKzJRn3KSQlooQWEnVTwB+NWdPcTRCN8xyLgEHkZ96hq7KLlu5RyFIXA54zU/mv/AHx/3wP8afMxWP/X6i51AMzkvATGwcsARBDnk/eGXbjpnHWpY7kTXCbixk3A+aDunnB4G2Nz8g+nFe01rc+Ja0AJHcsI90QVB8wU4igbA5YtkSHIPGQMUsqW0UPmvKIzI21JZECySZ5IQMzBBzgEEdKl3vcbjpoUry0RWKJbqwXjyg+1QpzkyPtIY98E964zxFPHFDcGGRm6RG8MYRXIJGIUG5cdsnH4UN2LhDmaPZf2S/hxNFd6t4k1HR5NPVgLXS5LoKZHQ/NI5weOSBkV9A71h1h4m2plFVc8+pPI614dVpzbPqqUVGKRajtHhflUZF+dO4XoTirUkEcUYj2YAfcFUcf56VznQiZI4YZP9Wvzc7vShVhj3Hbzn1oRYsPmLG6KgRdx2nq2KnW3HBYElQCNxyTVWKtYtW7F1+bH0yKjkRxcKoC+X155BqWWhZ2eWTcWVc8ZC/8A16a0ssm8rs+7gbe3vSbJZn3F5JjaqqSCBwPzqGX7bdZynkoQeg5x0ojqSxsFh5duIo12L65yauLcIY1D5O35Se/5VT0BEUjhdxG1yx6kdBWQifYtRZfPZQx3ZA6j3FZMC/FdRyZBAbH8IO3A7EetSebF/wA8v/Hx/jSsM//Z', 0, '2019-06-13 17:06:08');
INSERT INTO `photo` (`id_photo`, `id_user`, `photo`, `active`, `ts`) VALUES
(8, 5, 'iVBORw0KGgoAAAANSUhEUgAAAKcAAACuCAYAAABTGR0kAAAKpmlDQ1BJQ0MgUHJvZmlsZQAASImVlwdQU9kax8+9N73QAhGQEnrvHaTXUKRXUQkJhFBiCAQUO7KowFpQEQEL6AqIgmsBZC2IKBYWQQXsC7KoKOtiQVRU9gKP8Pa9ee/N+898c37z3XO/892Tc2b+AYBynSUQpMJSAKTxM4Uh3m6MqOgYBn4IIAALpIEFMGSxMwSuQUH+ANXc+Hd97APQ9HjXaLrWvz//r5LmJGSwAYCCUI7nZLDTUD6Dxkm2QJgJAMJB8xrZmYJp3oKyrBBtEOWKaebO8slpjp/l9pk5YSHuKN8HgEBhsYRcAMi/o3lGFpuL1qFgUDblc3h8lC1RdmInsdB1KOgzYJiWtmKaD6GsG/9Pdbh/qxkvrsliccU8+y0zInjwMgSprFX/53b8b6WliubWUEeDkiT0CZleD92zmpQVfmLmxy8OnGMeZ7anaU4S+YTPMTvDPWaOOSwPvzkWpYS7zjFLOP8uL5MZNsfCFSHi+vzUxf7i+glMMSdkeIbOcSLPiznHOUlhkXOcxYtYPMcZKaF+83PcxXmhKETcc6LQS/yNaRnzvbFZ82tlJoX5zPcQJe6Hk+DhKc7zw8XzBZlu4pqC1KD5/lO9xfmMrFDxu5noAZvjZJZv0HydIPH+AB4IACzAzkxYOX2ugPsKwSohj5uUyXBFb0kCg8lnGxsyzE3N7ACYvnOzP+l7+sxdgug353PprQDYFaBJ7nyOpQHAuecA0D7O5zTeocdhBwAXutkiYdZsbvqoozeZBCSBLFAAKkAD6AIjYA6sgQNwAZ7AFwSCMBANlgE2SAJpQAiywRqwEeSDQrAD7AFl4CA4DGrACXAKNIHz4DK4Bm6BbtALHoEBMAxegzHwEUxCEISHqBANUoBUIS3IADKHbCEnyBPyh0KgaCgO4kJ8SAStgTZBhVAxVAZVQrXQz9A56DJ0A+qBHkCD0Aj0DvoCIzAFloWVYW3YBLaFXWE/OAxeCnPhdDgHzoO3waVwFXwcboQvw7fgXngAfg2PIwAhI3REDTFCbBF3JBCJQRIRIbIOKUBKkCqkHmlBOpC7yAAyinzG4DA0DANjhHHA+GDCMWxMOmYdpghThqnBNGLaMXcxg5gxzHcsFauENcDaY5nYKCwXm43Nx5Zgj2LPYq9ie7HD2I84HI6O08HZ4Hxw0bhk3GpcEW4/rgHXiuvBDeHG8Xi8At4A74gPxLPwmfh8/D78cfwl/B38MP4TgUxQJZgTvAgxBD4hl1BCOEa4SLhDeEGYJEoRtYj2xEAih7iKuJ14hNhCvE0cJk6SpEk6JEdSGCmZtJFUSqonXSU9Jr0nk8nqZDtyMJlH3kAuJZ8kXycPkj9TZCj6FHdKLEVE2UapprRSHlDeU6lUbaoLNYaaSd1GraVeoT6lfpKgSRhLMCU4EuslyiUaJe5IvJEkSmpJukouk8yRLJE8LXlbclSKKKUt5S7FklonVS51TqpfalyaJm0mHSidJl0kfUz6hvRLGbyMtoynDEcmT+awzBWZIRpC06C509i0TbQjtKu0YVmcrI4sUzZZtlD2hGyX7JicjJylXITcSrlyuQtyA3SErk1n0lPp2+mn6H30LwuUF7guSFiwdUH9gjsLJuQXyrvIJ8gXyDfI98p/UWAoeCqkKOxUaFJ4oohR1FcMVsxWPKB4VXF0oexCh4XshQULTy18qAQr6SuFKK1WOqzUqTSurKLsrSxQ3qd8RXlUha7iopKsslvlosqIKk3VSZWnulv1kuorhhzDlZHKKGW0M8bUlNR81ERqlWpdapPqOurh6rnqDepPNEgathqJGrs12jTGNFU1AzTXaNZpPtQiatlqJWnt1erQmtDW0Y7U3qzdpP1SR16HqZOjU6fzWJeq66ybrlule08Pp2erl6K3X69bH9a30k/SL9e/bQAbWBvwDPYb9BhiDe0M+YZVhv1GFCNXoyyjOqNBY7qxv3GucZPxGxNNkxiTnSYdJt9NrUxTTY+YPjKTMfM1yzVrMXtnrm/ONi83v2dBtfCyWG/RbPHW0sAywfKA5X0rmlWA1WarNqtv1jbWQut66xEbTZs4mwqbfltZ2yDbItvrdlg7N7v1duftPttb22fan7L/08HIIcXhmMPLRTqLEhYdWTTkqO7Icqx0HHBiOMU5HXIacFZzZjlXOT9z0XDhuBx1eeGq55rsetz1jZupm9DtrNuEu737WvdWD8TD26PAo8tTxjPcs8zzqZe6F9erzmvM28p7tXerD9bHz2enTz9Tmclm1jLHfG181/q2+1H8Qv3K/J756/sL/VsC4ADfgF0BjxdrLeYvbgoEgczAXYFPgnSC0oN+CcYFBwWXBz8PMQtZE9IRSgtdHnos9GOYW9j2sEfhuuGi8LYIyYjYiNqIiUiPyOLIgSiTqLVRt6IVo3nRzTH4mIiYozHjSzyX7FkyHGsVmx/bt1Rn6cqlN5YpLktddmG55HLW8tNx2LjIuGNxX1mBrCrWeDwzviJ+jO3O3st+zXHh7OaMJDgmFCe8SHRMLE58yXXk7uKOJDknlSSN8tx5Zby3yT7JB5MnUgJTqlOmUiNTG9IIaXFp5/gy/BR++wqVFStX9AgMBPmCgXT79D3pY0I/4dEMKGNpRnOmLGpuOkW6oh9Eg1lOWeVZn7Ijsk+vlF7JX9m5Sn/V1lUvcrxyflqNWc1e3bZGbc3GNYNrXddWroPWxa9rW6+xPm/98AbvDTUbSRtTNv6aa5pbnPthU+SmljzlvA15Qz94/1CXL5EvzO/f7LD54BbMFt6Wrq0WW/dt/V7AKbhZaFpYUvi1iF1080ezH0t/nNqWuK1ru/X2AztwO/g7+nY676wpli7OKR7aFbCrcTdjd8HuD3uW77lRYllycC9pr2jvQKl/afM+zX079n0tSyrrLXcrb6hQqthaMbGfs//OAZcD9QeVDxYe/HKId+h+pXdlY5V2Vclh3OGsw8+PRBzp+Mn2p9qjikcLj36r5lcP1ITUtNfa1NYeUzq2vQ6uE9WNHI893n3C40RzvVF9ZQO9ofAkOCk6+ernuJ/7Tvmdajtte7r+jNaZirO0swWNUOOqxrGmpKaB5ujmnnO+59paHFrO/mL8S/V5tfPlF+QubL9Iuph3cepSzqXxVkHr6GXu5aG25W2PrkRdudce3N511e/q9Wte1650uHZcuu54/fwN+xvnbtrebLplfaux06rz7K9Wv57tsu5qvG1zu7nbrrulZ1HPxTvOdy7f9bh77R7z3q3exb09feF99/tj+wfuc+6/fJD64O3DrIeTjzY8xj4ueCL1pOSp0tOq3/R+axiwHrgw6DHY+Sz02aMh9tDr3zN+/zqc95z6vOSF6oval+Yvz494jXS/WvJq+LXg9eRo/h/Sf1S80X1z5k+XPzvHosaG3wrfTr0req/wvvqD5Ye28aDxpx/TPk5OFHxS+FTz2fZzx5fILy8ms7/iv5Z+0/vW8t3v++OptKkpAUvImrECCBpwYiIA76oBoEaj3qEbAJLErCeeETTr42cI/Cee9c0zsgag2gWA8A0A+KMe5QAaWihT0HHaEoW5ANjCQhz/UEaihflsLQrqLLGfpqbeKwOAbwHgm3BqanL/1NS3I2izDwBoTZ/14tPCof9QTmKnqVNFqAb+RX8BATIBjZWtsvYAAAGdaVRYdFhNTDpjb20uYWRvYmUueG1wAAAAAAA8eDp4bXBtZXRhIHhtbG5zOng9ImFkb2JlOm5zOm1ldGEvIiB4OnhtcHRrPSJYTVAgQ29yZSA1LjQuMCI+CiAgIDxyZGY6UkRGIHhtbG5zOnJkZj0iaHR0cDovL3d3dy53My5vcmcvMTk5OS8wMi8yMi1yZGYtc3ludGF4LW5zIyI+CiAgICAgIDxyZGY6RGVzY3JpcHRpb24gcmRmOmFib3V0PSIiCiAgICAgICAgICAgIHhtbG5zOmV4aWY9Imh0dHA6Ly9ucy5hZG9iZS5jb20vZXhpZi8xLjAvIj4KICAgICAgICAgPGV4aWY6UGl4ZWxYRGltZW5zaW9uPjE2NzwvZXhpZjpQaXhlbFhEaW1lbnNpb24+CiAgICAgICAgIDxleGlmOlBpeGVsWURpbWVuc2lvbj4xNzQ8L2V4aWY6UGl4ZWxZRGltZW5zaW9uPgogICAgICA8L3JkZjpEZXNjcmlwdGlvbj4KICAgPC9yZGY6UkRGPgo8L3g6eG1wbWV0YT4KQ+xW4QAAQABJREFUeAHUvWeTJEmSpmfBMiI5qcri1V09fLaX4hbALahADhDgEz4BJ/gOwf+YnwWByC0guDuc3N7i5pZgaM80qy5OkkdEBsPzqIVmeudU9Xb39IrMWJWne5gbVXtNVU2NeOt//R/+88WklDKbL8rx8WmZTqdlfXOzlHanvHr5uvQHg7K2sVFOTk7KgOdut1sWi0WZz+dlZWWlrK6ullarVcbjcRnNJmV2fl76K72y0m2X7sqgvPvt75Q//rM/Lzfv3C8rq2vk9PVd5m3+i+kkymFq5t9ut3nqltnkvJydHJZnjx+WTz78oHz20Yfl8PXLMsV/fftamc5m5ZyyjinnZHKZhumcHJ9FOqans47pIo/WIurf6/VKp9ctg36vbGxtlr29vbIJzfbu3Ck7e9fK/vV9aLhbOt3Vsph3yqy0+Ncunfa0zCy79MNn7nObvLxwA+qQefs76rkMX+PMKFSNXxY+zwjT8DPSF7hep+aTeeTdKD6/6ZKuGa7V6gR9Ou3eMixt3Fkp0qPbXSntHhfhbSf922Co3epelGixfLQu6ZrPs9miTKnTjDaynbqdLkSazsuCcptop9OJeDbM2toajdALwPrbhCyI9+FwWM5p4ASs8VrzacTNDC2ol78FfX/Z6Fmwr3q3DAmYLvl1OwISR76zGelD/E8B5S9+/tPy+LNPy+HBq3J6clwmgHHO+08+/uiCeJZLN6Nclk2CzAGS6V82Um2YbJwZ70AXHXlSpqdn5RX5rtCBX758WTbowNcPDgKop7fvlGv7N8rmxg4dtF9a7W6k2fG5CMyla5k+Lba4pJO0usz/Ekz6LxbErF4kwEPQ07uPFy8y9d+4C5Z0GT7v+jfz9Vkafc6vCDb9anlb/qZul9fSn7gZL/P7Ovduh4xmtFMLxJpgv98vYzgKHTQIjmc5Pj2Nd4JRwApinY3qZSVsXLlniwYUqBkmiZ2g/zqFzDhTgLFYlrPVpTNQtun5qBwfHgDCozJ69br88oMPyi9/+UukwPEFcWf0vBkA2N3ejnLZwbyy41RgzsvJUIDOL+qV/voFOOAGcjy51QxOaLqj8XmZvp6R/7AcHbwuzwDpiyePy40bN8r27l5ZXV+PPM2rv7IeZW7BYQRtD0nSQ/KsDPqUpU++FZhNUGTdo7HJuwWXjbJQphZpRmdd4tIwX+QEUzp5uS7v+ezvy38AsfHPcgU35G5actIo15Kj1mdiLMsRvwmps8xf1XUjQxqdbCIBQTWU05CWXFHRM182tOAzk+CSFEDC2IBeiki5aZ/4pmkYi5PhTevrFLBZoR6NOqMBI79z1IjJuLx++aJ89vCT8vz58/Lp3/9NeQFAVUFWBqtlfW2ztFExOp3VKNP56DQ6kPXQZTktq88723sBzKbYz/pZ1wniLEQxoOwi1nv9lRCtU9SZ09GoDF+dluMBHeXwsBy+elW297bLxuZaqD+mP5l0Sg/xt7K2XlY3N8rmzm7Z2tkra1vblBe4t1aiYaWT4b2arjb20gf6xz+BsMRkgqIZ503PGS7vhom0TbNxNf2vptMM10znbXEMA2u5mswX/u722sh3OxTiZWMAUWiEDXryhHTO4UotGqG/2i8HiCx1DZq0jM7RLXkvkeeA8VTdjXBb27tliLg7G04QuQO4Bly210dfQESsAHIiZUXybkMkaFEjA3j9Qa+sw4HOJ6Py+vB1VGBzE64zgUvDOQv+x69flI9++ZPys7//2/Lwk1+X8dlp6e3cKjNBs7FO3Ek5OXgeHcj0zW9/72blNNaChp/L+UYTruMA7fbWSUgL9egOnPnw8AQaDKOjra0NyvnsBDDa4ezIdk6foQNcb6W3Wnq3rgPAcTkcjsrJ+EV5dXQE4DfK3s5G6Oaz0bScCfIgd68M1rfK9rXroQKou+7u3Y78e13oTx3PQV0PvT1UKei+mA2jgRXv1kkGIlvhVbgOv7/Q0Ql1BqtgiZ8Xz8EnodPS11BRv6VH3GrehGkrIasa2EIXjza08xJ/ipQyD/+2WlUiG9nO9EXOMkW7QCOfg3OaeDsquuw5JNKOyuM/VZ0vVQwy4DDSuYOOMwYPDn5mdZAkF+l0e2VMwyRHTVAo+k9RDforG1E20/BKFxXjxxpgF5AxuBqdIfroMPhNp+fl9PikrNOBnjx5Uj4FjE8ePixP0CtfPH8KMAEtXOckwERY8hrBySbk2wGENq4S4cWLX0Tlu/xeA4CqKHL0VTrCGgOaX3/w87K+vlGuXbtWrl+/Xu7cvUNHGxLvRXn24jnAqdxfcdbtyJGjV1O+qgqcn1d0rKgyUD3rLRefU/4V6rIGgOeoUVC1TEfnqATTMkEXtv5Knjn6lZx6a2sLkb0EUujToq+2gzS7Sj/9wtlTvqJrtkM+5/3LJtUsT/P5y8Z/Wzg4JyKNitsjTLjN1YP4DD0gLjoYPUQ3QBcti6pjSEgB4JsBQHUwMFhbhavQm+UMSzGf4NRPfbXbqb0oK+C96QSmOi+MNnRGR2799aqAjxDjn372ISPwj8rPf/6z8ujx4yiDAAj+AVBeovNZthFi27v5C8o5PXk2byFidyM7/cfnc64TADa8AO97D74d+T55/BRV4RFAXS87Oztla2OrXNu7Xl4fvABAdSRpnaQVKIJuwA38OGCyIwjOTuiGqjxT1J0x9Z+W1oCwcGTBOabcYzjrISrTyclZ2UQNuHb9JDpVmd9itL8dnR09pkxI1zIL8HRyGP28dN6vkDOD/sY96Z53AzSf87d+6Z/Pb7pnBhk24zfvGear3Ls9WTMwg77B7zMDWfwccMxmKt7oShB8Ma8EERCCbQrRIFu8s8efj8bBLWDHF9zT9ASIV9NlPt6TwFMGF2kiciTexRw1R4V49uxJ+eyzz8oH//6vyquDI67DMAdZLnBXTmn8EZz2dage6GoAdaWPaOZu+l6qIQcnp8E5mw1ruQZyKXqEEkFVZLA6KCd0Pjvg8OkT0t9CPG/DbdeDG7eou/U/hw6mbRor6LajiQMqRv7qSdBA1QBzCOKpNv45tOwKZhkhbs7vMwdySKHn5nM6LGenxwzyxuXWrVsxoGpTDwertsOiV7mpeeq8J0B9bjma/wKX8QzyZZ4zqQwbeZjP8sp08nfznu8yja9zX4p1KgvX61hZFRl+KuZbckJA18ZE00OMqSulyM7MBKVi2GtCg1lAgew9BxM+24CCQuddv3T5LGc4prEmgHRtsALhW+WzR4/L3/z4/y0//elPy/HTR0QGkHB2GQZ9A/2XUfYpOh7i00Fd146EehGiNcQuuSw5jOC0HF46G9aO5qUacPjirOzv74dIX9vYLK9fv47LQdbB4VG5c/PmkjNqEoL7lVHUESoF4OxMgnZMWtZUlWENoLfQxTTBSB/p2enBBaUHaoV0O0NfHo5HxGiXI/I8g5uO6WzvUD5tqI7sV8CltE9aec/nrEvzt35vc81wb3rWr3mZTvP3l31+W/5f1l8JGuLJDKMRFeV6Qky5pw0oUQTtnEtxaWMavupcjE/wc6QuFw6xhnG+yZ0sjOk0K6WfTv+8KwLXGGW3GZAdA4af//IX5e//9m/KRx9+WE4QgfJ4/zlhoEVhOKYsM8pBWR3EXGdknGl5twxe6p1kHqDT3/pkmaNjDc/KCD87xMtXB4ClqhfWbwORnp3s2TP1zo3QCVU/OoJxPAxx7kCov8rkBW5MWnPoeA7X72IH7NKZtA2OKG+rNS29WQfgVj2+QzqtBTozAJeLeg0Bq5MGC+g8Ob8fOvDa+iYDMhjFsk7RXpHb5Z83+V2+rU/NMPmcd0M0nzNu+nnP52bY9G/eM+5vc+/KIeMyFZ5tCMHZRqxGwwJQdSkBqa5ko8odbOA2vV+xrp+N3N/ADogICjDTGHIouYczSaaVFWsC0ue8hojRNYB5BOf4ux//uPz43/1VeQrnpIuU9f6gVBM/Aw0aecxgYo5ZSW61gkVgOl0pO1sVnJlX3pNoJ3A08wopTkdaHWzye+MCfE+ev0AXnCC6J2ULnXFrdSs6m3Wz800Q24pe3Ro6NjoRaXXoINJkUjqMrAW0g60xKo50UZ9cUE47j/0wVCUsBFPC91bqYK2PiWwNafPqrOZzcnSABWIW3PyITvnee++VW3fvlu7mXuRtfZKG4bH8k/Rt+r3tOcPm3XD57D2vN8XPd2+7Z1q+/21cyLfMZK6JAtAFWOjxinldABF/EBYNKdEFcYuGAFoRPsAL9YOrCoCVKspzRJxcNgtrHgHixr0LIB4z0BGU//Zf/z+IuFdln5HzKo13hD45VjxShgkmJUW+4O+jCkRaU8AwPI2OMFhZDTD43neWyfIec89ny2GZrLui1uvenfsBQnXNg9dwMdQFpyW30Te3NnfKi9lTgDuOQdM5euHaOgZ0ABr5Y5h/xaAm6gtIdSNG5IJwvizv6hrTq+QjyMeT01LOZmWdzri1hanJwRedzPqpomi6U5e2Y9Rp4rWyu74T6Rqm6czfi8o0vd/6/FVAk2ETI827GeT75nPTLwth+d7kn+/fdO/8Fz+496MJ3G7RmiMmj52eBliITkTNEFHlyHtBpak6+uAJRKhcdTphtAuRO+iivd4AopfS79UZkAXKew/Q3L7/TvnW935Qdvfvku5amTB3v39tH05SsIeeM723HvkenDIK7k7KwaOn5f/6y39R/vW/+peUZRig0GJwAtfqwH1XBhsVmJTX9B00jQmnPdZp4x5z3Y7wz/h9gklrCDCmcnBUhRXE8Z2bt+CWqA34dQCujS5A5XpDwr/GeO405waDoi3sjnK5Q2afFLHqjhubGvNbgOYsaOFsiaPqLvUfj2MuGDGPmQ1wa6xfB7zrG9SbCh+eHsZ8sR3aeHYw55I1v80wKh8cnJQH929B/sogyByRrg0WzRY14xBuulgyjA101X6fjjdH9DOV2sEK0utpadEOXVWlBKx3mUAwmCWoEyR5j0j+0cIAHW3ruIt1/FrQ2dkopUSUnzZvM1vm1HaHSQV16jB9EcY0m5fJ6tKv/nrzX1WfZHaWt/Nfv//ejxxFTrjkBo4uteO5QMEeHuBEsNqgTmuSTYi9c0Srup8F1hjrtJoNL4zt1+uIsbt3bpd779xnpMsiCMIJnlMIPVaswcUcHa+g5ylmXzx9Vv7yf/8/ys9/9rOY7XFwM2AgIJfQZKPeuIJonyl25dxe2A+n/I73pO+o2AUdI8B8BoCGNGzMndNzpoR3oCKRNBGtqvTh5GTmoQ45YDrRcg4JZxo2yCaglgM7HdrTDARdktCp7thjnesP0xJpGs8wkb4SB5f1CK5H69uJqpRyMEUHIv5ohJEfWqrnrlAep0ZPz7CTmj5EmiHZxkiH2Qy1imdp0gYoWkCd2m2hj6U0Ms8sQ5a3+bv5Pp/zffN3M25Kmjb4yGlM74IqwlGHZvhmepmm97c7yk9dszMhSakUHgs4Bm9q4hIXw7INN1fXNEyvinR7e4p1B0hJDMF7jsjT2DFgmDWAs61hXlmj8APaqQ0x54iwlyevEbnrTC2ux3y49r+XT16Vf/mX/3cAUxCEuYXGNX8bQKI4IJvAESeMasc0ogOO6AgAcoVeLCcxvFxlhRFuDxE5IYzrAp4/ewa3G5ab164HMBXVDtwEnXed9aDW4efs0jHmHSy3ZYWwAlLTkgZ5w6+Th3fL6oheUb6LPTTsnKSpcwJAOglcO7DhLZ/2Wgdw2kHnXGM6qK5DGs9eviq7uwtWgq0B0DoA0kh/jN5px0JBKacvn5cx5qb59L3Su/du6fartLKzd6Cx7m2gaPrnc94j4pU/X/bdF4W7kuRX+tk1YSAWAPXZBvIKJ0eFwIp8OabEdUQtx/MZyF6g3FGUfsEZTBGOdooJ5sWnnzKTxKgVrrcOF+3DPRWnyg3FxRG63Qc//UX5xd//LOL3EXMLuIY2QLmjo1m5uWmfscLIeW9HseRcBgBwFc67yvSq8W6wGsjGd/ZKfe0c0blKvpt3NkKMv6bx1ecc3DhAkYM6YNNpStJ4b9nkljpNP4Y3zDazNnJqXZ8wxrVMMdonnsDVGV8zlhxAbi1IhX90MO5hZoLOCfAxdtFzuT/ldvXSkcsWUZE2d9BzyVNQP3v6gk5A2VErJozkIVt0iFVmsxbQpgeY0cXgnNWKUtugdjg7lq4JoOZzvFz+afrns/e83pROM1wzrW/iufPP/ui9H41pRMW63EnTB6UJA/MYsTIGWGH75F3MavDb0awcFGpG2Cg0XECqIfnKAAWwD1FaEHzC6HZ4xCwIS8sWcN8dlH/1OgcdcpXHDz8tP8FcdPL6gEEI6y5NH1AsaPgVR7GIWkXalDIOh6w0Ik4PTrQKV94ElJuYj9YAcI859U8+/hTVBEM6YNplQcUuayuNb2M54NEMlIMkOWU6CSyHDhqQvmFiRowAAlmOaJquiKqdstowVQV0ci07cXBf0lFEm6ZrEhXdFw6/MzqBZelR/gFTvrIBw6l+aM8cI0nUtwWVHWhDVQMyk1AY4wW74r0FKHXOfgl8O6F6t89eCdCmGqJfE0xXn/O36fp89TJd/RTlqnKmV8V79efHb8QxrXTN9NPv8/fPi/XOP3v/3R/Zc53toTgBOHXJCUQStFP0TgclEnDMpZKuqAn+SiFTrKsDqZMqvgdQc1OxTiP3wXAbTrugUT578hlTgZvoowMWpqJD4f+Tv/vb8uO/+ivsmIc0sLoUgwQqKbfagDutwBFt+BELShaYbNT7VonrKF0O5qLmBQOOyWgIt7mGBChhinKhtGYY62I6e3u7kY5mnlVEqB3DDhKdBAqp4w3wlxMK8OCApC8Y/a2o71EvwSHg5I6CR84mDYwnEOqUpnSsjRt3W4B3omwGwFWHYj0qdXGCA0FTASpVl8AKkxz096XSYZsB2oxB6FSJotThH8mQLPSWk9NRc51lgijbpgLqEpgWJ4GSd/0SvOlXwScAa9z8XfPJTkAdQgelB33D4Oxmz1IPaqEryhEXgNFGiSlNCu1zzLMDBEFqpevACQLxO6Y4ITr8tLRn47KB4bS9zoIKCN/S9PL8rBwA6qfjw9KhI/zwz/+Tsnljv/z6k0/KT3/ytyzWfcwK+jHTddcjPYkrJ9D+Z17aYQXLWr+uNxWgzmfbwH2epwwQRgDbmSUHZpvos2qQDuqcEtU8ZR3WWaYWdlcA5Qp/B0/6J7A2tncuwCY3tDEEoHWWgzrg0vn7FNXBEb8dRDVAOpie79AR4IzowVw9wugX3BWgmb/PoWuewpHX4Ppw0C6cdMhAUdMU2UZdjqdHNDxWiO4WdQeAW9eweDDdiYnqEFOTbTfFouKQqEPH3bl1P/wsowDzfT5LU2mZwEv/5j0CL/80w6V/+uU94zZ/Z9hv4g4c60DAxqYvUM0KzOiW5ABkQx+VoJoysjcmh5AAAU4I32Opmz1ZDqh4Psc8Mx4dlJePnpcD9M/tW7vlJ3/970oLvXP37v3yb/7Dvy+//tUvwmwz6O3SuNWMYp4CL3qqwISj1YUn6IqAVrFruXu0XA+zl3md9RmdT7rBHZ0KHGNNCDFNyEgHEMsBo6PBJRXJ+6w8cmQuh1W3dMWQ4LEh5aiCVs4ot7Xe/va9jeGzuq3gMy1VhjnpyFnlsubZwt9O1ZZ20OkcAHXxM/3jI8qoCQxVRyuHflM4omJStSk6B63jwmalwjGdd7B9O/I4PWNCgDDnAFNTWovOeT48Kau7N6Js5p1gTADpl2D9JoDzjwXIZtno1qwWYjXQKgQ8aW8ARrgeYnI+QcGnQRgIh9njeHzGAs9VoMt7KjpnkLSAS86xs6kPMfQs61Malnd9bF8zVjM9fv0U2+WTMjsZIeJXyvTZi9KFK//03yDGez8uLwDvFBvfkHxMY0BDbyDyY5Sv2EZ/XUGX1F+b5urG7SCwDSfIbACJNCTuFLam6O/xu+Ogi/DO9jim19ziaqAxZix1u1EM9LBLkq7rWFfXdzFpbZUnzx6XHUSUgLRbauhvodOtsL5yDf3kFenD4EJ0C8D5DKM/71QT+n2sBL1RSJTowMjcISBSVxag6+iOo1cv6QyuzmJadI3BDPUeDVUTTjHyo+4gvoOLQ1f3+0Td5Nh0Gm2m8/PDsr1Op13IfRkgMmp3i4gdcXfvRnn687/Fpnyr9O+9h8UC6wEd+3x8GgBHIYEWS9ZP7b4WuKBFG5tm1TdlENAPP8W8bbGA5jrTzsvfX7ZTJOPL8HUlPICKnqUSA8HaNoqNrD+Jm7ELFSbMY6czgebFD8IjdiGqJo3h0Qki6KAChlRcQwnfioHWHK50vlw1tE2jqFcqnl3k3ANkPg/giAOm99YRZ2voU4Zpk0ZyAAFqZcJcQ4cJe2f7vHYcCUL5qUYsmrYSctrd3d0LQi0gqNfE/VNwNC0D16/tVo7JGgw5IcpFGNvNQ+6oCSrzzI6hiUknQOWqgqs5OJKO0snyKuqTiybtjKtKIAfX/GaH6fe24IpMIsDNR0MX9XYi7+CmtImWAms0hJsORy9ZtfWMZYQ/L2Ok0TlWk+7aNpMaTI5AY+nlINK4hTWvv0+O6WF0EQiirbMNp5GJycXgNUBJV22fEoixUTgHLVZYAgvKdB26ah9QeT87PSljZlwYAcANmaGBI46xRQIfBlbaUNmQxoySup9gdOy5u8V8NWJNvavPjIfA1JjvjI06F8gNribBFdHOnihaHUVrAZgzu7fQpEX5R3CW9hhUaqi3UhTTjuNeogAGoImqIgFg+jQi7xGvI0UmYHSWSzNWjMiXdRWw2jYDaMFdmYEkfwE4oJzaOwVvjPABnNzd3146VRPXHmliao7iY5AFh+y0qT9t0aHuK866rSrSq4ryipkq85erG6YL+JQGnc5BqCUffvRRlHlGRXqssOdF2cJascEMVUygsBYBr98rx2JzRps0pIOfFWd9aDJF9hQWXcU7RAaVAcRG1ZJtO7rUKaqQO8RhJC5YaIAOi5NXVunBiLQ5ovUEAMzkWBDXxRou8thEXG1gQmGnXdlZp2FIRw7SpxEcka8D3rV1RtLOFpFG6HA0wBgQtwEQrYVxH3UCAGz22doBSM8AbUcRDkekalF2AXtyTGfBxW5I0rKRHYFbF+f1R8wqbdER1FmPmS4c0SG0b2rgd2qzh44jOJIbJujkfM4oCQTfW0bfCXLD6iqgqB8cTHD63k4m3RwwOZhaQUKMAbthN0nL5XJ2QpfQPX/xKtI1LbT84AkO/uwQDpBM7wmzbD06gBzTDjSjPXrdO9HBeP37B85ooCXB17qIXVkMDWZlRlM4DZWUyO4MbIoiiRSNCnG9R6OdgwSA6UZ49aQu3MR3Q/yOmHZ7wfyzWzF26Nk721tlFzG5wwh6h+0PLlfrtjHXwB1XAWI0MhzUu36qFRq7XIWkc2ZLFUAzSwdd2T3k04l7guBN5Dces2aSxrOT4QF4NaprmpFLAgzit5T7XMxS8xsDOSBxofQK16lpALghSqaj6QHAOTseBUAcBCmGBYSi3A7qgMr1qAJOwEgrOahiPkBIHGnhs3dtp5bMuB3CCibLN8OQrjByOtI9Tu7bchDFMCzqZlxKSxqoP6yMkpuGuY+yH9qBHtcZryH0lln0od32tRusIPs9Y5vQJlbCL7oSil7YxxDMvYOca8E9z+CYLjhWNCv2dclB866fBPPSCjxhgOQoepXGEORDgH1CAylme2z0Um+7sb9b9neuw6WYvVllYxzg3FCv7CxBCecJTiN3pDHlpnk3HxsyRDFg0OY5BZgTQOoIGBZdxg5AaFB5jKP5c6di4ZwMfANQMtxaY0WuI/i6o9NleeqQzntvY48dYnVwerKPSrILFzs9qtOXghKkBC3Uyy2TNl5FvKK7yTlrx66roVYAuZxSE5RpGM96LfDzWXtzdEbCaU9+rj5LoTeZCdrH0nHI1KWmLelheGmkJcFlfFM6AolFJ3n+/Bmkx77Lprx17KMD6rK9sV9mmNV+n1x3BUv/gh2YLY2JcKm2YASqCwY/fYy+nQ6ruqm0+4rARBBFYEYDEVIOYAPp1uidIU7AqXuzbfQhovWc953NQbl543q5ziKQu9e4Mz23vsZgB/AghRDbi7LNiFfCe9HVI6/4Te/3rhnJfOVGaozzuZoqHBFgDIdwdlQENkVFWHXFNUw1Lp4YqZ9yzeDs6oET6ihArQe4rZYHOGmQQD2O+rtWdQowNOWMEfMuwJBL6SyD5TG+4rjLb7mpIlh/89bGKZAyvGXWzir4FOOqAsb30gm26DDcnRZ2pZhTtVPUFMEuLaPDko8zc8FpqTc/Ik/zXV9FrWG36Cm20BPMem7+60CzHluk+yxW7hHv98nF3LrgCwDC+eZwK9uccQWcDMWb3x41IglHECocBBWUElYiux005pJdtgXnXHDuiGJkRsN6YEMX0bdxbS8GOKsAzYUh6xBvjyVzq2vomEzYuPB2s1XVAPNwJB2chcbog94q3kkzGrWCJhtX3VJe6Fz0AIAoageAcg3d84gBTpvBGUVkyy62TMrtwQ8OEpCpMb9v3ec07snhMEw6yvhXzFgJgFiAwaDq2bOn5bsPfnAxIBIo5q8aIXhc8+mqeONYVsW1ILW8AjPFu3Vydkkgx6IawcllWgJMLr9YMMfPWKCPetAhnDrlk6dPy829rQCoU5wOBj3Kxq3DdgTTPT6ts1t2wmP0ZAdMjt7bmK3669vl7s0b0Xy/L386/9N/+sMfuag4BjQ04BSdR47RRp9bALYJRJNgUyoJc4uBQ/RgOKONKKNtA8Yeawn3EN2brDhaHayzVQFdEz21BZGd39bOubnaKTcw19y5zXlC19A3t/rY7QZlCzCtEc6RZoxA0fPcFqwYdN0m3jQYZUL/si1z+sxnpwI1XPfhEH3WNcJTUEGYaWG/9DoLnjcp5joK5yaq2P71a6gQiEW4pNzQBSzubHSByCk21y5icMSM1pmGbfLsK4bho7LXjvUhDjACIICau1O2Tj+6xlPrgyN2afOYzWrvvPtuANDFJJrR9D9hkKYlYhsOCl+OLRlO/Tk75DZh1WmnIhXpOrcp12VzDLZYN6rdVA66YaemvhNEeQe6bGmCY/vHMTNOcuWFzAZ6u/RRtaU9Qz8+e1327j0IieCgqQPNDOshFZbBAaq0lBN7Uat6BZNYPmNBsDE005FQzO+3GFjayR0P0Epcts+lndPn9IuHL/hju0rfYHq0S8jF5EDBQSF8lzw0afZgoQ5EVvDro5wzgYMIpWcTUQ5kPF0mNkNEGw+VvpxDNPVPAWzjCbabzMhcY457hxMutNU5CpbLdGhgq6ChPbm4XMTrakXzt+F8b976WR5VkixXcja5qBwsRr2AbAAQgrbEP4EjjfBzjamDihEcNs0/1UxDWGS9+VjOc/Jo0aDpsizeLYcrjnqIfheJPHz4sNxmB6U6rAOjGCSRh5zVyzQt24JJAAvk7yy7aWW4pIeqi/Vz4Uj/TL2WTutAEc7puO4ccK+ge59PVBtq/FgpxdjBgZJ5WaZ7HDamlcQF1ubRB3DSyvStx++SC3BeEFkxTkFjYQHl7NEYjoIdEUNSANRlRMuIkopocpIoOolpo05pcFVuxayr0yeIQ4ExYP7YrQjv3L9TrmN7u3GdI1hWmXsGjJpw3Mgk4LtL8WRDJfiybDUjgQ57aTh/Z6POsAb4O+PkXbFrms7rzxx9O8qnYU8xnZ2xtO4QNYMmLc+nDKhoTHuvI345iCzUw856C7kbOiC+QTTuTuHKpdKpf/ZpcA3yjx49or73A6hOjyqZ1HOdWbKj2EnUSTUgTC86WNVDTU+wpA5rx1AtkLPqZx2dvDCNjp0N0DqIs549dO5zGEjs3be+TG1W/3756Fc/j4kOOTcEt+Gqjg7nUz0xn98lFzpnNqL8y20XXVEHWHqARgP5alRYQVZNJYIBaUC7VY4RbUlF0bgAJE0LcWbM+8LPEKurZW93s9y5c6Pcu3Uj9MLtLVYbySURr9xiIDJHDNsxLEuC00bwSpf75rO8vktgRgdx/wcu/ZIL+s6rL3cCfC303Q76rZ1ujJVgFfG/jgpj53BH5xlz2W45dgURqVFOZ7goB0csmY7iMEfp3lP/ttyO2LWNWkZPChGA1ktQqrt7XpMAW0WPDp2UMvvbsiphTN+4OgFqfMPJfV3pbofvjdBH+w6+oDBc0l2gctBzG8WuBfBmqFhzxJg0Gg1Zl8rxjq1HD8tzVJt9VKt1BkgtVLGoD/Vso1b9rrmYvgx0SAwrCoF7EEjTS0xHwjX6cNReG2U75lEv2CUgkBBBD2kSMz9yVkVfG911E+54jVH5/du3yjv37mDXXGOEDhjgWnFKhqPipfmtAyHN24aRoPmcQAzCoRtJTK+rwNRv0F2P3i8Y5DQ2ro3uFY0AN18wMeDzDFuUXNuZqF6bRceWgwbWLHOgVOBcIuf8HZgJgh76bn8F6UBagl9Ayg2jHKaHv6pKrox3//vHn3xSfvD978cofwhoVwGncbPzWCfrF2Uj/gCA+C7rb5q65Jw+Q/K4pjy4oFpm4rz7APvxmN9hrkI3jn1hhHVRjnrrMcf59LCOPH30GerVftl4gN4K4ziDTgoIO4CHOfwuuXqoAg0ToIDI6oiauzsMsz2EKcQuJ0RpqE5iSTzFgj00lGgkhEvunIbT37AuAL7OXPb9OzfLu+wlun/rJn513ryDEdwGIQMaonJLR/wJSNP3SmB6D0fn0BnXRsyG9Xekt9TlFGO+CxWFBs73Y0BrPHuEoLM+qi4wcMA4Ldvoya4LmJ17kBa2VJSUCXZTFzo4sOtz0JmnfQj8ANiyjFkmy6y/JiDtop9++mmIS0ErOJt6nfqeYYMZLMWp8Q1j+b3kqF7qi9bFODFogBwzdOWY9WqfBbB6DLTWGeyplijKj0nb3QS2j5v3XICysdkvr54/Lk8f78de+M2dJT2I4wAnRIOV+R1xAc6KE8DBgzigSjHPzuAX7gDXwA+NKYhjQ0tQmitG8XKQWCgCqO2l3MJUsscMkBzzwZ275R52zX10pF6b0SqcGF0ier+jvgsgksPbwHlBqwY49bMsAbZlAMsiKE1H57PpJzgDlMRRhHXCDlvn0A1nOghYOtkyXcDbch+5Korz8YTJmR8BY3jNZ7H/irt5OCASSHZSn11o4hbfm5wUoh56Ale2/pbJjmEabtqjwHDlus1DXVFOKTgV5Wmqqh1Njs+mPehMjuTvFCmrkxwkzdBh2bc/m60Qhzl81oaeY7WwXA6W3FR4fPSatLtx9M0jzn66jTQYYAN1Ojc6zpKOvyu3qnMuG9DtneqALUSfBJQbdp3qA3E2YHJOn7109k5Cxm9FjmYpzSGueL/Osq19zqDcZJrNZW/BJbhXwMClSN/nOJo58rnkmPo384nMBAnE1vnO5+bdRs3fltU05DY+B3jQpUmV6UjKK4Dnmk8qFw+w8E4QCOJYA8B9foaBn8YV+H0HMIAn88iyRIH44+jYhccOjA4YId/kANlHLHQWnHJPz3laQbRbLle6G98yu8VWMMZaADinZZJW5inQ1ym/vxct1BSYXJiLJAP1EaBuErSeqyycsWymry7sHUrRRrYTm/Q4TWSNcpyyxuAlp5dsbu1xbDiHm6EaeMqJ9uffJdf55//ln/wIPdulBFzYGrVzQgEHR4It9rScobDTQ1+wMkaeJEHq9lm22vIsN+j0INKommr20S0fYMt8/zsPyve//S5EwF6HvrfOVKU2SbfCehCsZ8a7b9szPB2MSEw7SFxyrrz049lpUfVgL/7Hlb+9zwi3WF4kHKJYcRxnlZPfYg53QlXxIhj5yH0wfGkuwjTTofHtiFJDDuqzNlEnFlpc5+OTsgUHdJuKB4W9BmxrLBQZMYCaY6FYRTq4+l7aCDo3sdkZjtlDdWufs0EJ4yJm1xfYpVeYEeuzjsDDGBxBC95VF8lAeLmjO1RtBw3u2nHVP2LxMfbZ6/vXCMeKeNrk2rXtKMMWHUMbrDbMx5yU59z7kMGQB+nK+Ue04y7n4sfeemaRHA/I3bW8yItjkEedbR+xr2Twn789AYYeHW1kR1HVwSOuaDfSv2ivbDfuGabeK2PB843OeptnSqW0ikSPiylMkGrvyx4YvZCCBdeD4Brj7b6+lwj2fv+ZoAtk3bSl2egalXbGRk4kEFawaV5W4vN5mBYJRkPE8xuKrr//mtwqw+oX76UVzmfL4908df6OmS7CJifVDwjyzhA0CAMEdk8BPjoa6jOHDce9GqrR+ThcS+4mCF6yXtXpTO2Yzvi40FbuFfW1ccmn6oi1ropn592HdELz9UpOH1yR8BnXeLVsdpCqAlhmXXRS8nPzIb0qOK52WoEl517DQG98dd4jFqOYpjqyaxpOmQF7DZgnkzrj5kLlPQ7h3bp2K2aa3MgozZo0Nk9/x7Ust8+WL0xp+Y77N+0uTEkBQhpJnmk20bDc1Q8DmPSUMH2guyThPOKvFhp9FNmxDifcYpbl9v51bHx3MVnsxYxIiFI4RIeZmjhHHEKaJpQP4geAyEehqzNvr6vPtWy1M8gJolPAuU3HcrjaSFef5bxLtOLns6LTspu3d68MYxnac9b+UE8kID0Y0KJZg7oI0+shPfh3Qv2d8Xp9dEqDr2PPPCxr6NfqsSeMkgWD8+ymrXg3XcvjqqUNOu0qQBFoAshpR98JUsNLX3+r//lbF7Thrp9f8PC3S/c0WTnoXGXuVyP7Nc6fD2M/nNy4HoDrnn3rOoSzh00VXfQQ7uwSSfVnj5UcMO36gBm9TSWNcnEJ0MgcOkhBB4xewUkpn2WMK5BS6R3hl398l3Rt+n/V5+CcScA4IlkRR0POKI3Lxyow0cWw80lEdpIFYS2A8SQE5Y7CrmOwv7a9Xu7d3g+b5g7PBAlno3lsSoLTuOp9ITIMRJ6XUPLn5wFqIuZjuJph9ZCTBDGEdm3PS+JRxhqlcgO0zSiv4HDVVZu6Gp9E6911AfwehHihbkuzk+mrUsyd9UKke16SEkKR4Or2OPmEUWNyZGkmmFy3OVAc4xTne9gXBYnPvtf2qV5pp3EAVfVOy3ap35uWvwVzBaezQqzAYo2nSwv7zPa8ZPvH7raVr4uwo4PQVnLL4yO21+Bsp3VOEnn14lnUwZG+nHPt4cOyi2lJqaJKoU230qSSOohN/rWN63oC6fEml/6W983Pb4r1dj84cwWBYHFkHrswAWasd1zeVTcEbIIxdmLSgE0nEXdZ+nbr2k65feMaIGUGQ/3HePJj7obxMp3mdVEGpvIcHOVlT47eDBfLu6LMK98171ke0zP9vF/kRdrN8Plsfq6bDLMWlbVxnQN3diz2M6GSrHFtsOh5k+VzQw53cCuuc/Oe9OFyOY3e5lOBX/N34JL1doTv4EbuqJ+NJ+AEqRwUz8jXvH0vaA3js1cwAVSq+g0gV39pMlK0wu2gh6N2809917vcU2eectoux357tqmdUSB7gsohp0EfcmDDkLOc/IaUi8Tj0AryjwUyloFndz5cdZZLl2XM9wlMfzef8/2XvQfnzEwCmLa9PFxxCaeAKmGjF2BW3szqFTlHPi7O8CSPG3ubwTVvo6w7++JgSb1EgpMQlaiAaXJLE4j8CRej9kjxLX8sm0SSeS7vPASpI4Zz+TjT833znv76RX4RsobNenkCSYdpyi6LC1biAwuo19TLgYy7AhacqjFFbD596ccbAAyA9HQ4uZgAVbIIzrqSCy5jAy/rbx6KdlcvSQ9/B/dEzDuS10/bpeHtwLysaS3DWh+S451ctKomgl1GEXZUbJnrHkFpuzFYC1srnFMu28ZOHTZTEvDgLTm97/28jLrwAeCMFV3o3JbDyzJYFstpJ3bIBI+PTmJH8YIChEk8XILXeNE+jbao9F8S/UveLnROw0cjSZzIlt9iFKJobPceBeW9zgLwJ55dvbPFaPMWoLzPYocbLO7o+WkHKtCD07ggIXYyEj7iRazP/zF9p0O/yGlRMM+o+DLvS5Jcxoz3y5+fJ5QE94XArfeoMyYZy+dsS9gtKAsZwTFqHdwAZ+dkJVs5d6kfo9xXnJJnvQSjS/pc77kJcAXqHN069HMAprOhBa66oeD0WQAIGO2avvdaLLmfzzoBoLMOWQ8/quW6Bc+CipP+iL/NfvtnrIQ6YR/MNmUzXdMXeIp2j7gxLReE+BW96flp7DvqdHcYwZ+UFywHNNwqh98aT0AnQKWPcS3TdDk9XHEA44JmcuBsU+Pooi2zfYKW4f2V/4RYz1hVBJuhXFNQIpa4orFpqCSSJpZqcqmAztMvdlh1vbe7Hftf5MLG8wwjD0dIgmdeb7pXzmplLy9BcvWqOlH1z7CGaYLyTeln58p6NO++k7hegsfvKXmPFVkMRLzXRSqd0B0FgAB0JKzh3UYyvA1pOayvaeoybUWrzndeARi4n+/9bTzLlPH83fTjZ7wXlOZlx1Ccyznd4qEu6zpSj/OxbHJq3+kEnGlbVjGvlcGyO4jyDCknCzzT34MpvDwLwGvmTBnc2bv5Xb2sQ16R0Tf4p/O//Tf/8Y8wXcceG3Ukj4jxxA+aOpaRDVnA6neFNDMcsyZwgM3sBOIc+q0hllt1WEe4xzrN9791u/xXf/Z9lsOx0xL9zK0N7n3xJDWXn/ktIwQ8BIJ7MdoM+6OHT7kxHo5Vz01fclY5BQ0mMflT71SaJicN/KO3yl2Wz8vfWCfxgvsBbvff+F5m61BTTUWXjR9p89vGT0e0IL6iUp0PPYOyBc8MJjFlDl57bZ+B0Ihtz+OlUfsVR4SvuLmORR1+2EDuqRPoil5NTp7wYYkEqF/ocLQsmLI8gr3NjA5Cm0IBCLi1C0+inJTL05M9HE09WNPckM14DsYcJDkq3yBfP6XocZMBYsvO4O2Ect7m+0iucz05eo41BUN96KhsZ+a80y777sks7LgylFXSV59esHDnnH1IdBkGg9AN+zcKAmt6GSjDsJzm9eghWFCobt45RYILsllAHpS4OlWRDnRs0jpeXPljuemOFezmkz39SrhIKHtu3j1AwD1sQsRV8nFKCIl4Ou8u5hQbIeeBk+jejW8+wCyIfQkHquB7Mo9GWBbi6vM/VKmrZW/+jrKTg8BI96b0zNN/ydUMm7RJbtph1Y9SYMIHVuVEnY7LlAAhjeGe+nMXs+KS8zWftUOar5zHgZCcz3ST65ienyjU2G1ZDO+Ax/cavA3rHqNMM/MwPZ+NY/p2BvV8XdSJZ9PQaWfNsL6LQRfvNH7bOeSimp02xnWDnh1kOgHWqmimX2A2/HU6W4kla3AHgVuzSRjQu9A7JcBlK6syfR3XlQBXXTQoFc17vpegforFirkmEshxZ5S+sxVbAOQIhrGBDSMhkhgS0ZU9+vMn7vFM4lfv5pd+liF/Cx5d+sWPK7/j3TLOm8Jd9cs0vJun5c3yZ6MqInUriFBNQW6d8NjFFVamswSk1pnR/ZzPB5q+8XX5rH1QcJm2dBAIAsV05Z6anDxs7OA10ohlbNFBUIfYkVbBSVrGHzGvrssymr7ppZ93RbVtgDy6CGdn0Fn2KAfly7L4rkunUj89YlrTTXGe4KflxgHPudPKbqfFLdC3ZyxAly5+fiaKCEg9hnHhQiHKG6wrPpNYaXDZjpHEV/oTnNMEvKxsXhbAK3+bqhVKke/WX6f+NLXcwn53F8O7lTdMuiRipp0FzfwMF37kzRNrLZccIP25y+bFpOWQXHFflpXX8TvvvktXw+evy3CXPvWpWRaj+zvB6bPp2KDe+z0aCXVFK4RHE672AScncsTBYjSm+p7h1MHlSu6vasMRBZBpmo7AdJSuU8qoF4axnvcCxb1XGbZNONcu6ARcGsGla7QFeSXwLKt+gsz4Uf9lOPP0vfkRKsrhREGc+kyeU4BlvFMWRR+5pHHArlbVMpqyiwVkwtc/ZEVaK7oBTsq54Ggi6GCYlt9dkm5UC82bPzKg5QAa85c/HVzXbhTV+VJ/lquSKiiNYaXeBEzfyb2D0FaRzCXcLvtc7rircoePoC6BaRpBnCXBspG9h+Puc/zTL/y9SwJ/KkKWzmfSizDcM6187T3eLz3i2fCN3wLcnH3XvDKM90jX0fnyOcpH3t6tl8Dqsq8frQvuhOhjDeX6ySq693GoOK6vNIy0c8+Q+3vcf+VQKc7elJsBVN8LKPX7qhpUg31zN6ZiWfAIMo8Zt8yWQ5flt0zJPPIugHOAZnpZ9uTUxlEN1K6qOcqBk2oA9pToMCPOw/KA3jN3sbIj1x0AM5cMalcm/0UbW2isUYBDooPOF57qR32c/WDs0V2gNrBuAc0EOlle6cct6MrDJd+yKv+gY73spW6ToZMAWWl/66KX0hNCx6IfuNV0f3er3OM4wy0WFhteAuRlha5ekdCS0PnO1H12JZD3/G3YyJt6ee8wq5NliXQaf/S/+q75+03vM3rkuayjZfe3LuNHo/LeHZELWEXnmJ2imI02N+BSfG8zPpzAzJmA0jSUIM085Yy5yU0ASUcB455zRbvPzhZlOeSQ5ik4/W5RtoOLm/PZ8vleLqyfl2B3wCUDSW5tOEHovibzdTeBH5gYcDCZOqbhar4uv2P0Tscb8qHadRbyCMw5APU79K62b3FQxYKlefMZAyZmydozzFIMjkAQnJHR/Ar6MeB0V2gs3vH8A0DuBsivxTkl5AKdwp6kS4I27+k/Z5RuRSRwl2VkdpFrLIu7yRz6gMInqCqXqTqWcY3jlc8Z7sK/8T7DRGD+GCZB0nyXflnODJ93/c0x3i85p+8yXobL9L0LiKazwbOMvvN4HARd6GOOtjc2MNl0X8EYEJHscOxhxNYliGx48xNAAtFn0xGMilEHkKbTBFOU17LTUSs4a/0ti3F9n+VqvjcNgR6WAsLk7JThE/gj5v794sYqRwS5YTHSIl5djaRU9NQRVtEzKDpHtGMXcONpcFD4OMBkqwgifD6lLj24p3XGChCGeDip7T5DRYiVXmGCvLR7fp1BEXSsuk5QtfEniZR3X/ksgboxxSg225zawRfNWADhs2q36SU4bdh02cj+bvq/6XfGuXo3nmV4k0v/uL8lzJvi6ZfpWrd8zrr62yvqrYKF81lrxYBZsHqiCDrXkjYZTwAJGO8pshNU+gtY0xFQcjvf+dvRcE2j5pnlyfe+8zmB6Xt/e0l37xkmzGGU1/wMV/OslgAPb9NledURfc6yaVKcswg5RvSqW1bdxcseakA4Z78MPyWMerKDpzknqZFC+Pvut3WYqmC7iEv30iw4ds9RmBelqpxQzkrhhhhhNzlZ+DU2vRG2ySGVodOX7z5gPwp7U2Yoy3LUJFoWLhtWwmuGBNnYNgEEv2E4VJqKguH4YscSCMYxnUzL316aLcJ0IWEZHS8UORylM2NBiVeL9ZjM4UBn9zFpPOY3RGozGnVzWKbpPTtQ8+5nsWecD3U+ZpTK5Sem9fPb8d6dQaJN4uTkMSN1jxK/zrLAFQYNKyhzyo51RruvWFBx7+4dbJA9lq1xpqfrN+FYDpTMW5DoBIJGcmeOAljEl4buQ7rGIHOurZEvh8Q5pdDJ8ILPMF7S2LsAV9eczx1lY2THf8QBEljRGbBic4bgw0NWMTEDpEXl4PAl8djHv7/NXvqjsBiEuO9sYTmwzJyUAv1W3AjIEsIFW6a3aL4ZZR9xbuv47HmZj56U1ugxNPB6Cb35ZPnpSw61oLysM/UbSWjWtJdtRGdEP/2qjvn82mOstC6B0EwIXIRzX40j8jFHnrhvWrG0h1g3DcGXcfP++TQqwD6vFVdOZDjjNF2Wq+nn89VwV39fDd/8nWnmvfnOdJr+/r56GT79rO/VS53OwUx0RMLmXdqGvo6feZiGTo6qM5z+OgHos/qgU4qCNkEZAZZ/mmVNf/Mx7cwj88n0Ix3S97fvvHsZL22ekRbcwpXzNd9LjirY21zM1HAh1tE74+J3h31L37QLcFq4rFgzAyuQFfTud33UkaboTDCtWBbnNtPgcHCVrHTGa95rpRPAKvrVFgo/41n/+q6Zf/M5y9H0y+cvepdhvFvHBEHTP+Pn+wyj/9U6GS8btcmJfVaPjFPjeNape4a6A2jllk1TkHmoC+qMKxB0eXevu0cgyhUFdhPcEfANf3KEnmkYxHxM37o5MlffreWvdRP8+vvez3Er3nXOkjkOMb6Xh/N20TkFYYd71z3+E6ZjGeG3p1yANcPmWoxIaPknadz0+4eef4Nzvi2CGc8peExFIcKc3vretx+wlIzjARkJSoBstDc1qIWrgFQ/uQpMkB5KzSVnzIpanqxY817Tu+S2+e5t5dc/08x7M6zx9U+X6Tfvvs/f1tE627jevTzixt9euqSJwAxwLjuHcXWKYtNUNCegvBsvFicj8pVUhtE/y5f3SIQ//s4wxjVsdjTvpq+LI8fJ0zroPO3OyQCB77sZ6kl9V1c+eSR6bSvaHlVJYHbnDIIAsUfcdABoa8qsFuqg/lmOq+XL/CLTr/AnqNRM9M3P2QMrET2nnXO3ynfee9euHr3bg10TnBam+ezviyuBqeJJ1cP/wu8SbFmOrIvhdHlv+l/1y3dX71fDZR7eszGNY7jmlelkeN9l/bwLCC+PeLGxUx9Mf8GS4DIf/U1LTutdMOegybSNL3CNo2jP9CyH4fOe5QkP/iiaTUuwmY+XaWhiSudSOeM5ZSlnl7GYd3QgRTYDG93kXG5ZB1KWN85cckTOe89n0nTkjJCA9YwC/ZrlaT5Hgl/jT+3CRJQoWSHvtQK1gvnbkYzPinT3o9/e34vBFDyH+G/nnKatuxDlinSGD/pXv8+LdfNOl881bKZzCZ4Ml3nk7zfdm2n4PgmY9c73CbxMsxkun32X4fKu6PN7RgmmBGfGybv+OkWsfobX9BO0lZsBGN1LNr6luck8DKvLe/xY/s60BadAC25ImgnOKCP5aof1nWW1HHJm81XF8JQ8RTvRKJtmJYFK24ASw/CHzHkpEC0v1xRAu+ffQXSWIe9Zvq97jyVz2QjZSCYeO+EoTPp5t6JW0lmLP/vj9znSkOOhmU2QA4DSAJvvs5F/4w6HtLLA9AKYMVTXJzjpZTXeVsEsa4bMPPL3F92jgZbly3DN+r2p7Iar9LikRcbNvLNMhnP2RYD4rL9p5nOmk+EFp06QSFvLYlzBKWCfcuyhOzgd0SegM2/Tyiv9Mq0KPkFWwWlalsNJAufxBaIA1s9VZtG2ANYVV743/phDzgSoeejc2OdCZrlzpZmcVZBXXHgSTpYn40TE3+LPBTglWCZu5vncvPvliRAboW9+SzxiRmIZmeDEJdG95/PVsl2+q0y7/q6c5G1xmmlfTe+r/M68M5+sWyX2pcE935t2hrl6z3wzrHfDCKImIK++N176JZ0zvPGlr2Dy7hrL+NgW3NgwOsO8zZmu4bI+ec8y+S46wRK0hveQBZ1hXcTse0HnOlHvtYx2HMBO3gQDoAyYeIglloZnZG+4b9oxIIIdazjF1qkIUedwJsEPMMVxJpiP/LLECrzdtZsL7GL/2Z/+EXoMizw2bpanQ4iGEXaleEBrFbttBjeuQBrwjfV+h3AsHJgOEQfL6cf4dB6VDeKRvxWPcvAcy/Bo4C46bL3YtdlysYUH2JK+o3qIHN8AJ5ynVRBpeS1/M3OlDVVmvKDMMz4BM2s1R5OXDWyZ87Jhmo3vs5eNKlgiLfa+TxkMeAao6y79Ql2HgcQqdsh1aDKjo26ts/qKMFt8gGEV2zAtjcXlsuEFix1aDhkr52lY7Y97rLU898Or1p39Pi1sxx9++HGsndxlIcY2+7JsH897l16a86SX9PPu+aEei7jDl/Am2GtJKH4/ffEZB/jKSc9ZDL4F6F9SJBgK5R8z2r51a590+SrdCW0C4Tisr5zS7mPyn7JGczxl0NfmK8Y09WjGFO2QtQNndEbq5fYAB1KjkVs/QJKLQMKADb2wLVdwK0W+OnRZMls2NDcAAEAASURBVFfFiff4ICqNISjqNy9h/0tdwn4xY89JHyNzn+/cHByPyy9//RkFHPIBAvxXOVWYM90Vz36JjHrzjNkBQLmAwK9hhCkl9NMvLqmAADLETw5cw8dpxFnH2LJbQebUWBNUBgk1gQYTyHZqd1sm2Hx/Nbx+V12Gz7vv8/lN8S2v/oIvy65ZJbneZUPV+uRv32ugH9EG2UGMH/lReJ8d1PgNUbmqv40rZzOu+dXysD5h2cEMowjWNfNPc1Yzb9O0oww5CMwllDR/xMk8Ik4It9pZo1yS3uQBYFXNKmev74KNfCkaG/5tLsBpJa2UhVMndDGIBTuHtVtBtwl7elxnFbsbRzjbe3710dPy0afPAPKCuXU+LsWn/W7t1a9brMEBVtFHPS3Dow3tle7gcw4Fyi7LksDyvnxe3i+C8KY2UgUpzb6MG1SBMBIk06vPEd7kzHepx9J+cDpEGiPUBJcJ5XNtWH0uXfOdtMjGbPrns7F8duuK4eSyAiJB5G8bWDobrtYJqkDzDO/3mHynn079UOeikQWfzxE8nVFdT6qumoOeBGvVXy/jm0emH3Pn/PY0EPMTzDrtm+ZpXurKcmA/edhjWlbamcf5mBE9s3BzQEjXCzDKES8WcgBmJxQFqWl56bxny4TH1/gTH2a1wFZE8U2pSJgpPJ49KME1lq7biw9bwRlnFNoNUx4q4MEGKuunY86iPDovL3bdprDJGUG75SZTYxsbcFIaaTI55QRht8Aqa2uvjM1sy4oIzqgY77LhmnVJP21uqgbIq1p5URz2UcmwfI739VlRF4ciqBwHMOvyM+vbJKR5JVHz2d+GS9rkc8bLu+HTuWJdOq4hggWnl78FkJ8V9HM5ycUy/XxvmASN9U3QaVISeH4dxPf66/QzbnBU8tEZzw6Qz4JrznlQin/zc2WS+Rsnw2rf9LledqC6wNkzBcyD7GOrjQMfqRwSETAGe7D9YGAL3iH/L2hqXob9bd3FNg0TdGO9h76qDNcj9oLnUTi4Kev43Enp2TpWzqNOjjjz8QhleMrc9QHzsS+fHrLFdK3cO9gvp6Pb5e5tjtjm2L0O88rOPEhMQSkhqElcPpt3OP1x9Xf1ExT22fD3RsepAHUUXLlMBWgVfwJXrllXwdhoPIfo+Tz3M91IM/OOX/WP+Xs1gWnZ3wbQLL/gMZyzOj5btwogFncsRWZm00w/8wvQMG0pp/PZNASnU5me0eRvwZVpZ76mWUFf88sp1OSubTihXNENjDFrRTo6gSn3dJ1/fAGZcJqGXJ3kh8zMe+LqfubYJ+zPoXbo2EgEwQlN6eJxxWwmOIDTBd2iXG+ga2T6Ff4EOCWgl8OaEYWwUmLANaJ+rKCDvrjNp1q+/f53yt1bt2N35ZPHz8rPPviwPHl+yKkSB+zcArBw2Vds+jo6OSwHHLd3eHSbQ2P3Q+xvrG3FUiyrZKN5zpIuGmZ5dw2gv8Vo+MezPyIoZUoOoZfcj3dClwjuXckBl6qJfRuGX694uEwz027eaw41jM8C0fcJyPydft6vOkFTwVgPJRMwxnNTmnf3ujfzzLRCfMKlBGSm67Nc0k9WO3gyjOll/FAVSNP8ErDSw3wcgevnMYi+z07SkpMmTZd1NLxhzW+N8YSD1bBduleKJZIa4guLiF1XEfvw4ZAdmTOMgdRDbfNdfuUvy2fLZF2kk2X4TYr55u0udE4rEBeFd5ZDTuOIccLIdMTvVZbF3bx3r/zFf/TDOIvcb1Lev75Zrm0Nyi8/eVw+eXxQXrM5a4ZYO6dyrzhVzRG/n/M7hbvOv73gCxo3Y3ZBcCaRKX2UzL9WxArpolJ4XlSOd/HszsoluCMc1U2AVpAK+Mopw5941V5LYvQ0GyLiZb7Le3g2/mS+3r2M55W/r77PNK2X4Zo6p3T1t3FcP6DLcmQ8gScAVwC37zTRDNg0KGAEZ44J7HSGNYzANW3f5W/rrD1SIFgW36WYN6x6f74LwPJb/yyPq/vdaZtpTunU9R1pAVQB6QovdDsbh3I66qXjIWnnqCxJn6yX99/GfY5zxkITKqSTC1D20Ds2IcR1Vrvf2OWbikz2zwDe9Z1VFhq/X+7cu1/+5mcflV98+Gl5dsLiAAZTLlc7Y+vqY00b4GINQ6+HANy6hqJNpa66bOzoXcv3WdFYRCALxynGK3H97VU5pO/0r/Ev/ZKTBIEv0vg8EY2ryzLUX/X3ZRku42S4vDfjmr95pdit5bnUMzNsput7nQBRv2M71gVY1NUFdaZhui2WnyWYzENnPMPUDq/OaSeotDBO1J1w3hXphst09ROImUYf8e13QzOe5+enTq+fYxK5pyJ9oW2TJtDPAZFMIGniPRlNFPJr/umG3sEmegu44Cu+p0dwSoB0hgF4q8cJZuPDsgvCfnBrr3RHKM8I/xYK9gnGsOnsuOzxoZ+/eP/d8t5ur3z47HV5xlEtnz3noCpEWQ8F/Dl7uH/ywQeIZD5e0PkWooOeFh0PMxP2sTg7k8XLLtEa8m3J+l2fSw7n4lYP1nc9JZ8S4E5Ytg3MSESVYxz6sWCioSxfMCd+BFDs3YgfFihI3BlrNG2A2NYMh/EDslob3Ooamj43TwkeI6b8gpt7791zf3o4xnR2HKayyTmrs5h3Vrqoo3v6nAOvKTbEOetJV1h8OWFH5R5nlHq2qRsAj/jgVgtz2hAuKMdTG0kRfubedRr27s1bWEdOWGO5zxeXDykvxxiyq9UpxSEAcgf5PnvTD2kX5++dhtT8tMcYwE9arznaJ/81vus0hy5+pAADFDM903LEVpJ1zrGC7aqcRr39fPgLjqFZx7at8f06GxQ9AZkqUy8BzsojyjxCer4aUldsl9vtbQ5cYD0A6XT4PZlyHqkDLtaAyiecUfIAhjYqVo+rHSCG7tCYpbHU4ItddlpD2cFitO6PQD2NZU84Z2GoyrDHAXZY1Lvjt4O29+BVihVATEQUqNpbQIPL6G5wOOr29RvlkKOlHz1/zWh+WI5YpOqn7lZpsFV29QVAAGR8rQM05ccDeIr8o8FcoGovRHzbioKNv7xX9eBgBxbfHmMpeM2SsmMXxTLQGNN49l4kOsZrV5fTMfgmkqfmzTGWuzdGQ/EAI7npCMoehN/G0rCNKHMfzASOsc0RhYMBnJ996WeqJRwi4YDBQjgQPDusx7okh5Bu6ZLD+U7u5KWzzhQ/zDUezKu7Gt/fEW4ZXu6oE3zuPTqlw7iEbmeLrdd0GgcvLnQW6K6i18wUNk3FFM6yNO8+m0f6+zvzyLyTe0rrDJfvpK327rF0FOCUzzZU7Nsmbu5zOSVwhN6XuqX6baWCOX5197nR+lTg0VAm6tykd08f3trZi28oDuGwp+wvaVOgLqLaw6vG6CJrnNDrZ6tXZmfMkmzGGZ1ncNYjRpnPnjyF8IDHeVv0BveYeDmilAhMUQlN8sV8AuAnLNPycP2qOwEw3s1iBNkqn718xt7uo/KIOWc/8XxyjE5MGZw+i/hdl+4htuK4RmaZYIm2k5xNQvcBpM/qvX5R2E/O3GD/k18wXllZK69eH8eMisDywKsORDftGL0SXwCZTl6S2zrkZYP7LupFGt6NI9cUSDbum5xxMm3vCRyBqf1R4LmEzs9me7a80k7gKvr9EILnL8lJw3S2zCA7iGXI9NvQJcunOM93+hnfr8LplxYVqo+lCGbFZcdvMcCaI2G7vPBre36RhDMXqgTjvR9/QPEKgApSgWnaWmpI9U1V/0K/AGcSxnMnFasq7nKxcwrhp+/cZnAMEaaA84Tpte6q54+7+BhOAOuecjKbZ0W24Tbyd799voVZYnfrGh9b7TBddgi3cnefAAU8xFGXycLT3FRCLqNpQ67tNyRV/OmRrIzx6OjRcFr+v199gFg7Rhy9jsP/3VoAGql81Y/PTo1TDctkQF0gGJzfz2CrZw2Hry8+LuVq/s8ezcozJhDee/dBuck3krpu06BzUNgIvxrHhCO+sEacAg5qFsQOgjfIaoM2nb9T7www8DL1vKvhyC2AKSDrd48q4DOc6aQR3QMYXID8/PnzsC8foWoEmJb5Z7mawDQd/U2/w/dsvOdgyjJF+Ygv4P1+pJIqjqBkWjjOIwWXqk4tADrjG02wUEQ2CgM0VQ74QTU/AeQ3NjFWEUe7OOlFBVQCqY8oR7T/w4I9Il38aYBTWCmSXAUNN4KN22v83PKA3np4elZevuCj9AfsNoTr9BnB2zsc6FzfYa8KnHSH76U7ygSHtK8rrvm0tYb37Q16OltTg3MKJIAJoGmyWhDSkUguw4JK3DVNaHxGvHJW0+HBKZzjrLx+9Sz0oh49cdfvR3qmfOyjrgOFQ6ZUa2NV0SonsaHiOHFzmvLVOO21mFoUT0qBZ09fhQ75hAP83//ud4kPCWkhBEiUw2lcz+1UdI7pJFFOyxpXbXifdebVfPZ3OkGmtNBlmHznbzmZqozlz3TyCEXtpgLKw7f8+IGzRtf5VKMfQ3A9hIAznpLOtGQupuEV/jRIzPAs0849R5ZJxmTalUFVyRDlVnJiNvLbVM61a9sMExIjdXmL6HMrt7r/BEBOBCft6LMgVeyHVFzSJuv6Ve6fE+u5N9kD+D1zfMTAAxYaIvwA/fGnnz4NghzIRckFUjAbwpHN6xw7TftcW++U7zy4X+7dvMZn7BiZA9aoPLqrA5Ep+qK63zyAqU5YRSBVDyJCjWD+dhICAaDliWfcPeXsFrpvNCxE6SLC/fioPdXZC88RevBu3QeuDpynj9jo1ZiMmWz4KmhjY2qS8Z0mHD8Y8JiGfvroWbnBFzDu30V/ZjBC4VEx6qySnfAcsWZjp7MseVnP5I4VIBVkGT79Mq73fGdcyySnTz9/6+/vADZAm/itTsqrSM/yOzjyoFid4XXNONFKlNP0vHwnOE3HA7dcT2EawJIxIYiTy+mgq5YSJ1hiORz+wQV5rQplE80Y5C6QtIJSQHoF1yRsHKRGGuk8rVCz01dxnwOni0cpXRBcQncYcTE4RR85Zx790/KTD5+Vl68POBedRakQy88pb/Ldm2cHL+LTIU6TffzitHzn7n7YQR/c2WeGiJVOlFGFuzDQWrC6KGoGMHW1MQQnlYVj1hVLNBYglpga1h3gdOBeu+6ClCNgg+14Uh3EBRJiiPBzBmQ7QXjBOeCsdMMmOM1/Pr4R5RCs6pI6G8nvVD6k7L/+6BFqyzD0u9t0sL1d0lNPI3318VrWLHNED1oJCi85kO4qqIKjWcilE6hN52/jxCcMeWGZMUBHfuqdvrecLUBgR3Jw9gzRbj19p4mozsFf0tSyBgeExdX06/55y5ic0m8oSRfPabLLSXO8wnkwgo8iIj5SAdBgCYDPQTNcnveykgUqkB92EMACki7GOFZg0yFIoc4aUZea7Ff6G3LVhHQ5YltBz+zDKVroX/bQQ44o+dVHH5aHT+CoiPoVuOXutetlb/8GnwvZLUccgj/ETIPtpTx6fVaePf6bcnsbrvZP/rj80R98N7hYcAJaueZVOYIEbILTTzmr+3jF2ZDcxbArmtpw3sX0OLhI19+ceOfqqY53fstdFmECUZzAcdFRE0yqO36/Ew0U0w66NJzCuvo5a2dv+r0HwTFv3HqXr659Uj78+JPy9Nnj8t1vPyjv3r0NR6zG9cvyBrmiLtYnrybnNITgMI7vE7C1/jV+/s33Tnz4LDgN72Y5gSft1De3+F6l3zd65513yk9/9jO2H9+N9hFswT0bCMiyQuFl+bQk1dXvlivKQx7BAJYF0a9ZPr+qJzJklP6pXBEQxgCUdnJWDpHpghrfCU7jxzMATdcoVnp9qXvnf/zBvR859USK0dDDEz5dAteUgz178RobW6t89Ohl+ewZ+5IB1zYmmrusPfwnP/he+e/+4p+W97/9rTLicyEPf/mLsnl7o/zP/8s/Lx8/fV0evmROGPHtl3n/+A++jw3zFZyBaTUaoNf1o6h+lx29EbulJwcvGAh5mkQ9uBRbGushF5yqNmXRyIS90HN2/M3Rr/pwC0Ew17JAD14BdC1WzcQay5Zfw8UuySxHn/QXcFt3GqxtbpVDOGKPb1cuHDDR+NXGicikTAXz0ZxrnYHVTb5ovIVNcITq8vLlCzod9kT0zXXSOMca4SY2p/dkBermh4fHdF4mJkhzwdSvOvat2zd4vwg9/QV23x4qiPPP53wqxo62gt4rQOLIQUbgfnzLPe40QIBvi6NuFgwK3aflGk63azgq3+BT4McMzPY46z0ADBBeMji8d/8+lobX0IqPEjAWiMENsPJMzwnfs9wmXpu1mZ7ssr6h/dVVTTAAQG97KKDW+JLbHL81RuxzuPQ1PhmjteKUscbmLmslEPlUr5zhd47EmlHeEQAc8rvHfvhNzFx9Prqlbu5Mkx8i64IVj4Y0DwdDlZO/HZfqyqqKOkFOx1STqD80FTlKd2mVp9z6zkWw27fulTsPWDjLaFazgsC1cR8//LSO6hnB72KWefHsUfm7v/635cVnHyNC+UT0E8Tmy4flwY3N8r0HdzEV1SNL7NX2UnttfFGD3xZ8yiDKXX5VvFSOZFg5ipd2V3/30TW72CxtIMujicOJgeHh8xBZ9tTxWeU88AImFji/iHSP+RqbBnfB7ZdCzF/juStx3I+9xdc/zs/R56Z7XGMWAh8Se8LHsAAp+vKAb3e+idNYJsvvhEo+B1H5E4My9DL1yQhDWAnvJQ2SWxnPS5onbZKDRnkps5xPfTO3Dec2DhcsG8b0jSvo+oTTz1PwLLPPvjMNhokRtp4UWMvjZMAax9RQiCiDd8ujPTvoZJuDGycfgpOqq4XgltqK9Lh9o39CrCdhxK2jbdnyhC2fmpFu3dwvD+CSfXrWarseBuUpFoqZuRyEOLc5arv//g/L08OHpXCaxA6txOLpcvLiSXn08ln5672t8r1vfQvg1IpHpY25bKSs0QxwVr1TgFbR5jsJ6xffVliY4Cp7Fx170vKIAcIhc/fnhJXzLFR8IKbpj+AYK0x3KPLkFPHBrtVt0gW0lhtQyq3NcwWqx4knqvykv7vDJ7d7tzGBDVh5xXHUrBafu/q9cIQ1ZTb9BJB18HcAb3kym0DU5XSrgOP/BYB8Z4N7mU4606ogqu8CFHRAGYb1VxUxLU8I+cEPfhDfEbJe/jZMlklQr8ON9fMDrf722W026tt+Mc90xJ56rANKjfmbG0y0UIY4XsaX0FL6ZTnlas70UNvQOT0RRaBOkRIxgs+KfEP3C1OS6Xn2j7TSbOSsyzbG6Xfu3inv3LwB6+aQKha79vrbZXGDDzIBjLB/WYklF1pd/7PyHDF2+IfvI37GMa32yScfBSEOAHR/uzaiedmgXjoJImFjMIS+qAFe0VmXbzFQcKYKYsa0I/ibY2I6ZU3pMYtNTuDwpxD8DDCes6VgFCJrUl7wbR6nHx21azJyFH5t+4ZkZaKA00pYJzaws6CqdAComv8QLhx6N2Dd3mFSgS0WXU5b0yZqI3lEjTZHxgKfA5fl1/EqwCXAKKVNGQCoZ+h/nnPW+l5yTuNrGbCeC8SrYE+6aIj39zmi1cFVZxnOuklDy6w4NV+fFesBctQq0xCcSWuB1sfeqQh1Fiy5qOGsxRhVJY7dppKqPH3tndTXAZCwdB+RT67z9RyDtGvGCB7/b9LF1zSsuM7V6yd8qk7x7gzJ/XcZEDx4J855p93oIehyFNZG32IJnUbySv1qnO5xeqi6Sv+7fFVC4DCV+fzgh4z0Pyof/PpXZe8P3w0iSygbQQLaCyWeF0onpYBjMiJ0mjQIrS6MvqRh2BPQnIKUQGenTl06+vfw/XH59DEqxTNMXKRjPNebxmJpSK4os/HeQXda4/S0m3Sub79zp9y+zhfVGG220G0F6YLBVQUI9lu2pHg++g5TmvM5e6FYifX0ud/+RKzRgAkc6Zb0s07V6A+btOHocBWgNnuazYxRO6RppJMmdZZGMxFMi7RM1zQcsesMo+nHE+sU7Y7a3QRnONPyveCLyRHCm4Z+Ot9nOe1oZh1T1LTnOrsblCjSy9VkAU6iyRR6nOB8Dod0yhSli3/kAVy8C1i/qCwGnLv4ph34qHqclfA76Ol29q6VbyGK7/CddJ1G8RkfJkAmIuKYhqNgYlMdxOVSAnXIAgs/b70AWBNAvknF9m8+gAsNyqdPHgehJFAC0zv0uGjomUZ6RLQ6oIA6hxsuqPxipXJcBDYFgYiM6iWsH7g/5LPTnzCd+clnj/iu5G2m9zj4dKNVtm508XsI936Ksr+BHfNFOXpyQHoOCgblF3exZ965Xu7yUdN7fKLGYxw76lWKduoiSHWeg6/eaFm1D6p3Oc8cwKOFpZ9XG5uui1viw6jomGEjhPtnOO9e0jlBEhk0/tipPAhMl2GMo0iu7QOAAZ/PmpScLRKcKdLtmIZPdcAOkgDVzzR9711wSmP3dxkm3hHGMsTaCctAvZwuPeeDri78GLGZTS4qKxOgGuBNR5OS3fCbdhffIbLCLvpwbtqVKvvMRNy8cTsU6zMWD8fX3QAndaMgiEFBQ6GCO4XfgtHkFqocIpnR3iqjXwdp7j78gz/4drl9/2aZob9JSHtuEt8K2au9XD3kFKeDkXPvEK+9PEfeAZE5HmJnPWYK8/j4rDxHdD9+ccgKqQmmrRvlz//pfxureiSTuti/+D//svyHv/vb8sMf/rD87Bc/Ly8/+YwvTxyVJy8Py3OmJD/4+ONyn6/N/Sn6G4guO10aIYAGsVl55NE7K9hydaoYll1D9XgJAGmm32DguUf614Nja+PDM8NuqySo0kDwBJ2pq/e8IoPlH/MfBpGr3mmcAaNfB0Ij1BkXfgggdUQ5px1GOgX9lnefjedUtOkJvkiHAV3YeHnnlhLDhZoCWD0JZJWPbNV4imzBiXRDYqAzhW6ptTKM61F2OSaFVryTjuOUb9qFzpmJalYVOBsYu7ewXyoKNf6enR5jXsE0Q2koC6NuOIUmGADqFKciwd2O6n+O4juwl33MHWd8gOkZI/idcp24HplYzUASTCdx+B/OhpIwEtp7bVjTreLIOKMxwHrypByg106ZvRrCNSX2jRu3yvff/8OywSr9O3fuxGDI757/K8Byfvii7KNgPiLLMXZCiT2erXOxaopV+78EsKoNbon9k3vue2KqFZ1U5wdQ+0y76lwKZiO7O9FyJxd0KtSvvXUB9gRxH2sToFENsxTty/DG0T9dgtO7zrt5RDi4mHRwnUIcDkb9W3QARbziX1AKUvVOaaYzfKbvc482ueCKAn6pQtVOX7llnmOvnXSntRXxm+XK8pi+JRe0XuliLzu//xGwWTr//Q9v/0iWvMHgZwwon746gGveKO/Dbeyl0nKTD8a7sa0H4TpWWMYepbG4qtRWmw1UcBHPUeoBgHPFD8dUK1K1Zfa5Zuw/6YXxnN5oJRHhmo1GfMf8lDWMUxYoTzGmuS7TlUsrfWyhG3xDE1CTbXny7BhQ0kEYuWq7vHvvbvnB976D7niNhuM7ji+Oyox0ejw/+/hXAcyV6Un5+Cc/LrOjF+Wzjz8FodhxKdsKotsFDAKwBVfWjtdBrWjDKdf5Cpp18ASMEd8WWjCx3MfM4qdPhpwBfwr3hV9QPnRh6ugaAKdPV+FMd2+zLpPJ6KfPXpTHj55DFWa2rrFGk8//UfILUNvoyQHltG4U1N47whbqJws9TEE75YA2gHKsJWXABm0OsGc6QNrmg2SuVHrn/j2WEB6Fn/vW/R7ndaZ5Dw9fx3fu7dxjbKlOJPSwCavLq/pscOBvrHUF4KpS9o8O6bsu1LZxqaTrcemLiP46M3eIydAvRXeps3vqNY9rS16Fca2xd2x95zpcfr0M7ODE7RDOsHJpB2DLPpi4fsNdzlylqHdjkZET+OoifIAUIHil6A3Fl4C1d1+KoxqPWiydPdZCpGtyg6af/jaGBfUynpfcQpe/fc6wPqszfevbD6JBbVR4DBwLHZAyxyAA7nFwVvM/RQ05hSuuM3B7/4d/UP7sT/40pMCnTzBmM3JXJDrr9ZLFttXAfVSePsSYvnYPzslx2hyG67c7F4hjzzj34wwa/OVGlkkzzcJGRHIcxUxUPYddNUCXdbFcShTrG5wOC8fbnOmGRNFYijMN8/Nqt6tZ6HxSD5mV8+Wgx/ce9pXHKUY88oWkUVbTTTqavmXJtM3n4h0cuX4x+DJ8vnPi0niqME55BkeG/i5KVpzX9qzxTPObchjhK7pdNOpYQF3N9YEWJFi+ox6cBdAkkgVGFga6qomhFie+ugsxDJtOQngJuppGrWgNUv1tRC9dgtN8UiTp7/vRmO9KxgDKWVs0X2ZEDBeDMvLYxfxjw43hEitd9jjtbpBnHbDYcdbR3bTPnsKhz6fX4VK3yysGFI58tYtq63SBgvt2XJsS3MaeT693hZAfalClcS2jgzIBcqZVAiP4CYOz6/ssgOHdDA5kuULcUhafXVyBpmxVoo7xsPzje531JXCEl3MkOCM+ncG7QNTo7oBNphL2SfycITLvBJ53w+tnuglMn6VldHDf89twsT4UNumzl+4ifuiV9dAvV44BcaBCWZUFclbSMJ9m3GzHSOhr/oHedXpJ9q3ivstihzBYq+OQaR6H7dQjIaIAQUTAKXEEZ1YmwZmFtIASOAtqPK8avnJMCZWN0FxilUSNvMwZYo8RyTVt06BsGieZrgzx4e82hnf0vyB0C7usOjGyR2P9EFDe2B2Usz5bGEbORpnvWrnONpOjIxZOq8cBzk1MRxus2vdbl34IrI94o5q10clROecUq8duD5kFGzM7Zf0GqBpyRyXOzC0SNLAAUG2w7JpivowzLeNaf5300U86qF9aNwFpx3DeXaDKTCIPfsfghHcJzkxLcJqWv717hR/Mx7B+OS7bKe9Z3kzDMcictDXqCE6KFeC8CsyMl+l4N42v6jitm4oTLwqN3pVH7pmQmbo63XdWJDMJwPDO0VwTnMYxbBYkw+vvc/Zef0sQBz0JTO+9ZSUMhyRtANkYmHWWq5MqMSTOkuMwotdPMJgu/9GnOLM9TgThJDXMJavsn9cSMEDv8itpCwZAU+byPeNo20Ullg9rhOAK6UwiinX6Y1yK9Qm2UBuVrhF1GQD+GWntsaCkP0A/RC+17MExieadI4+iXGrmSZukj3XSWWbzdxIiOhx+puOlSzB54pzhLKP0cqTtQMb01EOVdjp3RRqu6QxjOnk3zxUW6kzpbA56oThAA6TUqdLwUuLxKuIJTk+1pmcHOMPOLVCXDCdBar7mn1ezHF/luesCANf1RaOQiWLDHmoBe1Q+FvOSkYRSpFq50E0sEO+1iemnk7AXz1cKp79pWAELLQFdOCGgEqA0de0QAkRiEVYXefLsKqQEZgzBNJwzQPLEMxGEOh0mLzelWf4Z9lftjVUZ57gdBhuumu1jNw2CwnUXsdpdDsk3fPhYYA9a2IiaVlwIEfWBu7gv3gFUG+4oZORaQ86COiOca00V8ysrLD2jnja2znQsbywKWept+uuXLoEQwJGCENlny5eN7m9pJDheL+2aKZbrOwYyDESc3RGwNc1LNcnf0tyy2c5aWPSLNqfcpoH2Ei4B5V1nnGhnyrbCxIw6p+xSEC8fo12zrEEv4mX8SORr/ul6EoW2K0Wjx5Uo0iWC4lAiZi8108/pnBaaiz+RdVRCOxMuiZEFrICq4DS4xJCrOHL07u8gKOCyo8gBVIGFm2mYtpVfxxQkKCNfiBOinff2YOPPWMljOHVF73YWdxa6eNp8tEIIolhxbxxANea4aPM/x+w0YLH0BfcB4GGId+W3aVtGRs8d8wOUmpbG0G6EeHdhtnqm9TSsq43yAAg7pINNnWXSVVrVulm/qDthVCO0l1pWDNC1noTP9xubO3Fmp8xDNcR0fHfC4C7breZxyTWb6Wvg9/eEMlsfy2snc4W+5WxhOUmXZYw74eSeHTkz+UlXxbqdXhEvzcRJxsk0zMvr67quPdBCLhZ1is6RuplNne3B38paEV3lQBLNwnIpVqmYzjLkAWD1dy1Us8CmJ39NYptuNLoVtiK8NQ3DKdZjm4iJ4fRzgYILPkzTcIIwOowBGMissNFOY7lcTxOKG9xcUtdF73NF95C62vBONrhqJxaGMMDRzwocj14Tjx2Y1F/uq5+zPh2OcJRjLFh/Z1jBp94nQKTPFtJmc6uqPdYnuBqcWGej66xf0sJ7OrzjnTRxAbXhQpJQ3/Cjs6YzH/2cvnSxR9CM/DQp5TghaKyIWzrDJL3ViX1uYdaKO+WQK3oJLiVA0F7/5RW/LQPpWFfrQxIBzkAsz/plPTPfb+Le7rF+Ty7lXpH3vvUdFG16PnY6d1e65dOe7LNL1GaAwWuKUuY+IkfsWeDgsKQRuhUjZA2TYCAun10JQ7XQV9imwcjYgxkmjprPGIHz292QKLFhN3TxsHvCO9hGuwyb+9jUVrG1OVL2MDAvx2eMhwGrU5x8WYzzN+dc7R4rjNBN7WDurW5x1k+Hz+GxypA01spWf4tPIbKKijTdRaqIkmMJ9L216+zxAsgsM5ty1mQLQ796q51EWrQZAPmF3QULYFpsO9zgG+uufR2z3vR8ytZdzFCPHj7m97Q8Yqp0fXsf++hW+ezThxzExYAJ3dfVUBMWkti3BYsrv8YA7Aiwh+UEW7P7x7Uu7GI3FAjHLHLZ2Ngqw1cPy73rrEJ6/bKCAVVjTFudslV6ziyZ6wR2mJrVIrGBbfopW7S3SWOLQa5+M2a9nHfcYv2lAzXX7g4o1y523TNMbyfYm3vo30qsTeK5JvaQcrVZWOppgadIiD4LzQerrDcgjPZh12C4GIwSR5micyyR6XOC3U7yVV3XXqqTUIrzHHHG4axQ0B6UvS8zzp6vv5wif2fm+mdhsgd6T06Z3PLqb9P/jbj2bOJmJZvpZX766S7O7wRIuvBuECVMQgyA5IIx3UYA/TzZwjnzenJv1cfkLLrkOt6zvOln99DPMqvrZdktj89ZnyyzHVm/TNtn/dweYzqGy3pe5hHFiPeGdfZKRuZHvzTUx1nuSATDr7FIWckXafI78zUFnw3ju/TPu341Tn3XFNGWR+fdf4ajT8Qd3/gn19T/m3YhcySk87TqMgnOOhCuwDBTKxZTlo0S6Nd0bbiPaenv5bMESILnwMeG8DnvPhteolzGq4TQHGTFaxqVeJmeedc8amfgc3S1OBrNyRu2R6vkM6TU8rAsXwUlDUb5SDU0FEFytfyWx3I2L3Vcw2n71F9XG7fWO58tp+H8LR1sxPAjjunq57sJv1UFDOt7r8w38qEq0qjDelFnkvr9Y6Qb+jWc2FM51N0dhO1dux7WFmdlVD8y38zHNE1bl+1iGPOotK9iXQzor4vyLusQY3T9yXNGXdT5Ha/8Y4ETG2xdbeN6RwvYrJAV8Hqby/d5N5wVlQjedVYu3+v/RZcNne8zblbcdGI/NaI+7x1MSM0rw1qHCG+c5WUZarMEXqNskUctJvCkrDy7x9rL5+Zv/a7WLX+bjmqE5RdE5mk9LId+/o78l/dmPN/5W/3VOFle43npfC94RwByg2NuNtk0qG4tKHuoBabtkTeGU/o53y9HNb5+Ostn+v7O9sgyWU7bPjuPaeinyzr4Tpdxs5zNukWAb/APAzVsgHBMt2P4rGsCJAuT/lYuK+w7C2cFvPJdvs8KZLqROH/yfd7TX2ImR/Vdpp8EyLKkf94zHycB4gLAAdowPS39eOcgKy+6fIBQ7uelcuyoNS8pEdSwHBaQe73Vu3lLJ8trWW08n+VYvkuQeve3zvA6wzeB4u+M63vrk2GM67PgdD+PuvEm8+LqrGGfJF/Xmp6iuzvTJcj6jCMizSU9zUtu2ARrlinzs/0SgIIzy+DdeL43nSy36afzufk7/X/bezATRYUFSkI0M9MvK6J/s3AZLu/NwhsnQZvpWljDNu/5rL8NayN5mZbxJM5l/oZO2Fgu3zUvOeYlGOWwyVn//9ru7Nmz5LgP++m739vL7b17umfHYAYgKYikIFC2pCBDNiMsOxzhN9svevCj/U84/J/Yb36wvISeFAoiQJEERRIEARIAMcDse+/L3bf295P1y+4fmhQoOcbVfe45v3NqycrKysrKysoywZIP4hRUvJ+bKza3fJ5jItyOM19HjYZo3MEJfr+Vow7eufutfl0neOk6ieMScE/x+rd3/SxfhjI0BQjNxjeLGC4TQNqJuzkQVt5m9VaS5IWDgmEM289GNHkL4gjzcMgffA1v10U9Xd5L5+pn9y87BCY9MZUJ29dz5hEHwEZiA9N3wAAU4BrF1YADUjp5NXLF74p0HvOV89z5PZ9Pw4CkxqqQxvzbroGehlvZYOgrZFzw2NjVccibnn1rGPvecPjdz/N3dUZQ7uK4w4fw/L3rDKYWnzy74N3VxNn1dQe7IG/baO7eu1N6xhsvxNY2OxdwTHG0YRseW840GkrPcl5accAwHxqmfg8WAXzS9nt18VsdO83fls/8uy/jOcbODCJOP0WQSjTSuoAGCICC391g88TZ8cSRh/idZr5invvqNPN5dlz5zAdxfmkwi6uZnHKVPy6K/YUI70UIM8I0IbIDE3ye3Rumv+uOQF1dd/dO433XBazed/AefueZQMGUd96TIcVvvLn7LsgXwT3MkeLK447GIQc4adh6Eafnbk/cj4hiDV58eSl/Hof9u+/K8QwWoWHve7187k/D+tzrL+Xngv1C1198MQcKpBLhHpx3OaBgFJrnKOOdw76Y7Q3L+bYafdfSk5iI7d2Zth98HIcKn0x72+nNR9lfnq0KWePLEl8aPMthGaij/I7Cl51k0tlyUS7zokvlY3wcxIQrGB7DcbKHiMvC/YOd7GWKDU/sJndylEz4Uvb3MNnSsGaHz7gPYsyb6CrHBi+N043fDQu5GncxtppPoj88CbGWn58Q5XGGfvtfOIvI4mfqbvacRs0FpPkLt+YviXEyXeyD6An3gpMzF7K6HrvTW7di55lDHQ5it7oS3TC94Lo96OkzO9Ftrq+bNGXoDz7RHPc/1vsPysp+aXqcHQB2MhbugyOFn4ouVudRl8ePs4sy+a/m23r0pTfOx0glZoEPs4fqQZa8r1y/Xt5LrsTzSaxFs12bf6fh7IsDiQuxe/30i8+nuw/uF3fczwz/KAbi5+KobSU4WQlhXorWhk8mO1YXs6gRqSG2CTH4iO73dGRZztzI64gfIe+nQ0XqDmqedW7vhb7D/y8j8H8fJZv6joSpfGfmPn914oOD7UJqSKmGIHLQk1SK7eN6lLMH6XGQaH0agpNJrgBGpaPxA2SXUd+TMaLp4dD6rkYbcuPgGKXFD4aGG5tR4VFRE49RjqL+tlBl5OO4J+0sUsPQafp33733/PzVCJZff/PcV6cXzzt6166zeqbXdJHjeyornlB5z+pR72b5+ta/q4MFx+J6btXfblZ2tEXIpeJ6ZsBT27dnODdUSyOvLlPeYO7386JdLbKIkCAO+4WwnZo86sbauevbcSryl/gnI1sc26cyuE1QlOtZSxfCvJ1V8Dj2k0FLhgo7NG0fJgdF6RvVBQsX2uGW4SqXcIEMgOn9BPdnwjP4GykIs4nToaYmLpDEN5JhmYeOMpxID2U1X2mtRIXDLWTmUs4WIG3G7X3vGlS7d2PUyybPUX5lNvsDnr/tUven9UdgCRq338OfYbDf+W4Y9R5xavh+9yT1Uoa4vgt9r/X3jKZPv+X7eE5cdgTR0SK6cyzYkz+cIUAi2YNbMaI2pMdcUP6IkvZFfME3xLmXZc55eD2rBxg9Gw3E88ygZ0hJuYdTypdRiokhKmicNM6qoC/5TzzVnap1YpW3Pt1BoUI3gjt7S8fR7WbZcS9D0ALfl1lDLm9vIRBHCgpPZ8HwnyzLJjRp5dnIgFzIg2jvNfBqCJ3WgMsWoU6mjYGFo/kMS/bPDK4aEQHXLFXRjDBCnCmhGrQSz/3RyCgWAXe9Kv8ZTB214Zuvcz9rwOYwMvNeaBHCt85bvYoI0llNcgT1nA9PCS9xBPnV2Ux5HvA+48iVV5gHD83wJC9lXIibGQR68vmdUiutpTP4RqWEOHVyMDVcRAoikZl9eXjW5IyrI1aw4mengB5SkyHaVdrUM+9g1+JDaS0q/ci38+57VeZL+rN0GK52/+GDAmg5gjVAqiFTgAKZtnXDLFh3jyvErZy9GNrI3pHzkamyThtZDlnzeFtIzjMEI9IiVA05G9blBbEazV0ZPZycPTss8FcyvrNI5xLHGZyH2VPEfw8LdEOZfUhF9SnPsiGmz5gjwlnlZyIg32KWifl88M3VoX8/f2/CnL+rl6RVzzyDHfE0EfquXlX/PJvkCM8Ie+DVO3GkHXkO3PX7vKz3/bvjiWskQYQI1XIlK3v5D9k9htXhlOczYycXiqcDYQYIEXEG+sQ3gx+ESkWlHiXi6eLM9tJwqWliQmswGcJ1c3V4Hl/9/su6L6nIrbt3CqHLi0NWMnERVFjlVKwqHwOD3ZigOeBzLcMLObMUtpbLQiiMMJiSAdrwjnAqjwjRGswlL5d8K14heByft5bNcORV25Dj5T4TF5O0uJ0JjESIvRD54nRhWo5pG5WSDVqlFlI2gpvJoKzBBbdGoB+e58PTb7OX/XueGD2rg6uDeN5rdPadCIaVUhFbnkslZEaYMOxlB6ft4b/TIzhBuiK6EIVvHfq58k1cBKTcTg+PCLC2bmQnak22ZnjeCc50ZO2LgCnsbXDjK7+4ZdpwPcY8BUOYEveLJol6NF/v+R9+kj+Bjc2BMituPoCnQ8PSsPb7L+O+9Dg76u7cuZPdgfFqlt2D3UNlrkGaqBDTfuwGremtZYaowoZZFjv7McGywX4jG56K6EKgQvplDc0Qgwvul9z5bHjUuC5IrPwoymvoTWNJnwaRx0kIcyczYwpn8chZ2rCOvMupDx3al7m0EFiW2jPEVoK8h8TnEdm/+9v8fZ5Q5ekiHghgXw5xCOS8+h54EY3JWnpSnrmKGTPb54nT8CpNcfrcnZrXxKcODRdkiIcRaJP+hvCoyeg1dw/uBddjQUAetm9cy5L0Q+JSYNR5Ns4NTiqddgJPw1TPYTJkzmQaDckoE57Jnob6oo2UXsbmgQdMHZT5ZYelvRAN3+KI8DgypIX8LlQF+Gi3H7u4XQx113OUCKPVtRAU5KnoIQdcMS9bPRs1zYwr5mOtTcuDQS4CzQAT+J/1wmrcIANCcAU8o3xxhYPYr437RmQvblwnmeWZw4VBPDoPDpwJSTgsmP/GPp3C7CjvGRoHCp82/AyjI89nhDv/u58bL/1bg4L9KOXAXzVeKoGAGCWLN99oz6f3XfDe1b+9qzKCkU7jnbLsWaJaEnDoUzFr02EXF3OcTBhE51GcciZyIGpy6OLisFgSB1zV+Wfc2zNjYmXglGUgE6SBsCZBic+0EEtteAuI/Oky+/eXdV84yGavvZz4+2/+7ffKixxnHjs5D8jE+Ci2ggfhWCeRMx99/vG0l156klMnFlbOR2zJcudRjAVygvBaOs1qCOXR3cfZ/BXgY0e5H5vH+zka5d6DpM2QsxO95qO929NWevj+k3DglSypbUS3ljPJl7JVIttwQvjJK+94FHm8kyMKtx5k4pVJk73t0RMexbnDTo6O0SFKTxmbRAe+bmdX5n62zT6JTaMr7LwucihC0bHo4072HsR29FH0to+jl+VTc+hgbeyjV8gU7RcuvqHmL50hVZuOA/veUkaCpfzOlo8nGcJjkprUGQ7TwQ2LdLOIt/aGp3xyYQxja899GUrn+1LEqLXoPleshScP1u872cXJ2FmD05GCm3vHh3FQgfhiKJcOGmdr2fW5E3GJy59L2aR3ZjGd1rfDiBUxiubrfi0OIXhgWc+ItB6iO8yZ90d76ez5/iTKXd5L+H0KIorrno0jjZdefmt6/cVvTK9eeWM6ykl8GxkpY6OUts5W6NADr3S27iyy7039OPQqv1KpG1wjerC7moi7E/g2//3vIuqaED18tDV99PGncahwv2Z5nIYiAJuGDAcIAm/nZAG3Kw4RRAoNAC7HoYJv3Sv1Qg2khwN8Nc6xSkwg74TzbsbIlbwkju97IWLHYBvMbcMVDsJKa49O1Fga/DCKafkLytazpXVyLVdTxQGSn7swEDJkOTk24vouzvyz3x2eR57yErs//8Ldt+M0Ni+/nrt8dfMMb52ftXvBfb5s8apOaVjpKs6sHr6pS+Mf0cJlv8Mdd/K7y3BnIW82r3P63fnL91m5g2v7Rlw6G2cVp7Jz9cmTs+mY8QyYzvPw/m7KSr0yKSqx7UkWERYHTjvPbpMC+kv6s3SQCm/H3OpWCPAHP/np9K1vfStD7HIOVb1f1ukqePf27enmDWu50UPOCM7sjdqBvFSGyaEXHiq4awEoOYX+8zgIexzOy/EUb70ISQPsr0VOzSx8L2cJdcMtxBvuqpl6iPAoRIhYdyLnPkrn4dzU6bfS1x570mhpF9J7aRTCAcLLqlHlp3G7ocHjkm83St8L1jRc//5ldw1B1ydOh47vm7z2cLrUr4mridPdd6srAjLv37X1JK/l4ZKnOgidj98Iw5Kl/Hn3wEAQKK9/COtRHOa2TlIe5hJXr16e7t25W3nKy/WLeBllyN/Wj81zj9L+mT9ke7StH+fOn82WFmVlIhWRaqf2Y4VDZrSxuCIv1/8fwa6D6nF8cv7+n/7F9MJrr09fuXk9iAsRpIKHAYa88vrrr5fltW0FiLG2BFMvUEekwqGVEOLYdQhYXBOi9Vrc19k5tz/6tOQjvRzyWv1CZtLDX47345XaJ550KXcrHWYrbq35arL14Xz0erYvSFvcMk1cyMmwY1jmpZieIONfLkr8IYNBYsiviAFB/PsuCJZ3X3/zt0nWjNBnDeK3vAX1VScN7TJZ7IZrosPPdejinspKnEpbfxBnOHA64GrSg2OeOA9txSj50ozb6BY/VsEt4oTDtdXYfOadbwIrpddff7UOKhvZD878FC9gx0USwGdSZyK1YltGRKlRlwtliH7x4tm0Sb6H0WzHteVeYDngPmg2iatMvuQ/S08C1Eka/DAI+4ufvzv9+vsfTi/euFYVjueAKq42lqUSRYgaPAiEYAH3rC0KufNtDjEaTGUhlp8j3ufOx13fjYtXasap4fR4XBk36Nn6o3iPo4eTNrOgICDyZghrMTLZ6axVb25Grxr1lZmwma2lU+LE8EAniTkmgtA4A4aCcdZYTVjz94a3iGwWz7v5q/MohwUhHHGrU6TOnp0w4W5Sp14tzrBbaEJQJ2D5DeZKP2hIvx51huPIcIiTFsDuT+nYOvAjv5+RpL7NdXwEdSZ+k4xqVtj2M8G15Vo6hKsenl1Cw+25YI94Lo4whvU4O1tiCJROsjNUictZz18L/s+Gm+oIa2s78V0fn1FhIOrbYltl8iX+yVmr4ZCBeyEc8X5m1T98++3pN//e16dLIbT9GCWcjtMnxPM4vWVxMw0x4xNVnRDpGN5TwQC1EpUJYjOUc2xVXoMztF/KoZ8qdRTxwSxye/dRIWY1E6H1GFFAkneIDrfBB201cBDXcjQDiJlB7ekI+KsZvtho6vFps+Lahms7CPEgiC4Y0sDdKE8bJN+U1Ze4nufvnl1CP/dvhCFvaeQpf8+0GUU02Rxmm/BixA/fa2tx8vGsDrhlSLQ6rRk3plWE6V3i6OiVLmXo2AwzTJ4O01GVBQ7luyPGhe1x6AHi8JtjhZ2kI1rZeEflhRMaqSxmdF2rcvnjd/7/wnvllvhWBjZDtFCeuIvRkcoLMwjiizh5U1F3MHzZYWkrcuB2Zrf20iyFGH7412/H0eun05WvvBiE5qTanGK7xYvwDIjhjzM1MpzPoIFksg4guyE8G9JVFicx8TlyFMtWlthioVSNmfe+ddzl9NixchEkRBCnKoQY3BRSVjLLXIqlDKemLKgGCY04HNjilk/39yQdWJTfF48W8utrNM4g1n73y+4Io4jDpC3EIn95OEZaXVfDWTTS6exuFMolYuJ1g5ttWzSwpx1xBpoi1oIz9ekFTmU04WsDMPktH7gSMAxE1JzLsI5ziyO9E/WsspWT2czCtzPbl1Ze8wH83rvAvlN72rnWeea+Rhrf96LGwoyUe/Fi5P/Aj6EQueTzZYclrqt3qUhSqbUsR37w0WdRQ8R13+uR/0IUjhdBnLaZAhAQXUFIFfxWZ0MwIlrN9tba8prKVoNGfkXUx9mgtXI6ao84am1hXqNCqiFlbSlHJtdQFi4cTpv2KDWSMk6FA8eZaCHf4VgZqLxOGDIaLjW2mg/uAk7wgc19EEDD+oxARx7jfT+7dx3n33UjPsnBRp2noV5Z3ThFvJBR78UbRKWOJ3vP0lX6Wea6Oa7ZYR527/o3wutyEIg8S38cYqz8nnaYsa1CByA6Xb96rfBW7m7ANhdG2406nAmB6wQjz7HSpc7k+VMxZ2R4wwXRaox87PS04TFVjxeSqOeey3euiP/PjwsPMgw50zz+edPcT6bLV89Nf/i97+eMmay1nolfzpwZ9MIrmQzlVOCl7Iu+dOn89Hkcst7JLPo4suruVnRtT85MV5eyxzp+g5ZyRvtRdGiOmobAM5tJx113vP8unkTZfiqnvq1tTpfOXYljrevTtYsvTFfOX5sunImPzSB7PfLpmZxSfHrD/vLz05XTV6cr61emcwvnp4X4dD8JAuPiKMN4GiC8xskY4bF1fs5eDjvYzRLqXuxHXWNxIAooPo/CRR7piLgcgg6BH4YD7udbBqbUMw2El+UdGfKQ5iF3fipdRodTGbZNucLAI3PtxgP0zIFWFgEW4zz2fuQwh4eVZVV0sM5KOhtRZz97wteS/jA61oOcq4T7RB0ZnW90kxmBjBLZeJ44cYuTupGdH+9upVziQIg7nX4p4td2ZEgcUwfeig5yLcOr/eqPc17UmYg8m+vZ1ZDz7IuLx2fmp3dzrme4NZGK388z8eN/cJhlVvJFJo2MQ2g+Ct44dTq9fjmghaPHvbZTRM6evpIZekazIJwP1VqiDpU4rMLM3kjwwpUXcpzkCzkEYj1tbrGGOMWh7tAq4OwMVswDEL6rO7b7LwvxSR9sJPBBqVKHUU/YxP/ZF7emt166UcCupLDLly/W7j8qHUanqVOU7venR3F7fef48+ni6RgaXM1JGw5njWHGahTqQ16KD/Y0/EYqvxwiVYbhA4cRcIOSxwK0NSIA13q5jxEVzGZJurUUqS6YUu5jaXLIwFYwhBUdIz38VAyWlWPStJ9GdVBUDM6KKAZifpFzeqfjz48M85zAN7/bq3F5ySgYxpDoG6SbTXsGZnM7v9Wx43SDuEuD9QyYkirvCpaqzfgzH7++yT/xmotWHomqvkNDYpkznj2iqWdAY4Wvl1sLti4j+YCx3xX86RQlJgRfR+Yi4ZpW5PicYiB0PuLBGD0sGRO1hm50Y+N6+ad/FGcQuLk4LJ2cT6ptEX/DOVe1v/Mxng0j9MbQYym92S7EoyB4K6tC77z34fTWa6+FFtJrIxdevnplehQf7E8iXzhScCu95H7OPv8iHi6++ODTEGcO04p8ap336vWceRkOa4JkKFkPYfIssZfe+mQhiuNw2FqeTKM10DVcxW+RBqohLndtV7JtvG5YGHC0SIS1vJ/FyftCbhBdjZ96FCFkhudsTrpPSGbokD8RNUbjj9l88pZfgrRCD8ndaN41cYjT32knmuDqXejK7/KCPIMFLtVNXjWk5955ufvmPt4hbkxiEJ5yhf4+4oQc1CkNjwjlCSbl+m4oXg+H9Jt8vx8Cs/EN0YKxTN0SX9zOp+vjdzMIPavzlF5ZhvSM4RUnya3NBA6EnENiA8da3C7j6FkmTBxtMiaO1SazeprAPsX7qN7f+TfGKCjAbDF/M3ztm2yEW5E9D6IEtZWAKuM0GSMVfhRVxflwSpwYAABAAElEQVT0yI3MtI/i1fdsZMX3HkYllGHuzke3wjFzzMvrr02vfOW1OMYiwwzhPVJDfGMOYd42h9ZnghCSDLvcz0AezilYkagKIqJctnx0EK+Mp/IJ4wzey5cRtqqhFyMXLmRYDJqKQEQ6yBKo0EPMOOp6EHZ7d1PePHH6PdKMyY/f3cDeV8NnaNbAZuoq7Lu9O00E7UDLb6HqlGe/q+Pk3fj27HuVk/fy6gvRIE6/EYWyEZXfZPgzOUXP+vdmfIxS9WAIjLXZJShavcQVPLsEZbtwuxw0GNyNOoBhTFAtK8fNdsQUemZw8OsEzwhUPtKvpFOAJ1FSDrwO7uubvBDuf0zIsJ7K4zghUOuk1nVDpdPnWVW4mwq+kKNQnJC2HlWTXrSTJU66tZWc6MYRw+n4H3rwyZ3p/hd3p+W9COxZf33CYj71NtlKZlnLzab/O1vTdH4o5lUOwIK7C9I2ImAXKRSxqVwygaAZEvV+8VRUoFzXWI3o8ON6L44yKlqnyQjwdNgN4grB6o4TJH+XfPvZEI5DC+7id8OCt4lCfHn4VkNrOEg9Z03b3URtPbKzvP0esI/n/g1Oz/lT5TUs9WP2RzpljvLGIkfVYYZLnJNothox7Uxg2MppI+Kn2rWgwQxR2g5dRuchf8cpVj1DnM6ZP8hQvrSFSzvAYjPcOUN1iNJcwt745YIXzIM4OX9bzijJZQ5fquqkHFepn0brNgh/5z0whzACGD3bcRA5vAIvTvdiu/nzDz/KqRjns7A/BPPTOdRgI4RpXZe14lKMDi5cWplu5iCthxniVzPMnqR3nN3M9oHEPZRvkLccYt/dzWw/Bw5oQDInovINB3B5jnes0UhBjt9mhqGMelbRxUyqBM+lxkC8M9kIAniVC0kHGWNYIXdZl1dWOU8IPOJBZuU3I2YN4z2ic+8rhaeBB2HqmK6FwC6tuAWz3ObSiGNhozhq4rkb8qRxiesu9O+Sn+vN4Krgdc2i1RcwwhPcCd05Ck8pz3suGolpKzl1zvn20qxlZk1fiqN2PRteaatOSa88G+1MnJwxWr9DnEYlcdJ1Q5DrMa3MUnImZqPdspwdYi0NjW06mSAtxJhl/YSJYCZEEQWSdfDExkKdR/tVBf4D/lTXwiBCDxm2BwLo4ZyK9pO//tn067/6VnqBcvMtCvELWat9nB50ksJs2KfUuZITJFbffifcM8uTFzenDbsCc97ldhrmdLZe8BDHWPg43PMgxwweRL0BQQx1jzPLfTQj2DRdNYiVKIRJn8ndN3eExV1DnL5BqncmJmEXRaiQ9yQz9GrYlIsoECfjZ2XBsrV+DRSyKMKQZ8mveWfmWWWEIsSRT4cmQjYH4gjeNYEQCZroNORRRiLlC+44DUJr4mji9Hu8e9ZoTTjuVuI6jd/yxiEFcPjmDhbl6Phj6DwZ3DN45gd/P7psTEeNpFE3d+kQGXikDQXXN13cJGYtuzItYTNoMePmT2t7eyw7ZxKeOoObDhzHjO3DaZ3EqcphCOfjMXrzUrIc+YP5PzYs1RpvgGENpGIQyd2fpbcPP/601lA30h6HcflnxYjN5GGsUhDDXnrqWlwGXo9RiEO1Pv/xz6azSxeigYp35BwWcBA5aDk9ytnti2nYq5cuxSA5++SDKIim24Qo6+7bcbh/NuoqjVAntGVyZIbI1XU1VBp3fyGrVEGgY0SoR5Yz4eJpDSFD8EJOpS/ibG6JwAqBIcfgcTnuD4XguxpVwyLOcSdaDK6m4foS33dBYzZhVXmVPt/miFOc48jqYE7kyqeI2CwiQb75O7tr4GDSq1nw3btR50GAPnnP0WuHhsNvz5Um9W5YEZ002nM/W6y5YGS+511fHVd6eKPpcM4nt4a4IZ9MwUjJs+Jos6WYCmbmU/muMMmjTVHXBDpVhMr6n23hqqN6wpyUF94URlPR/oP/LL517eL/TC/FyFgj6w1UNXx/k2EuRtZ47bXXU7HYF4ZLsuXDsR6HAy6FbW9m389uVhUCwXQ+xPiTnGP9X/1P/+O0cuO1aXEva833I5/mlIs7U/R2Gd6PkvlRBOnNl1+cDuNrci+rKpdfzBErZy9MS1fOTldee3naiNrqXI782w6xvPDG69Pq9UvTSc652X7ng+l01nkfRb795O13p0c55+fuB59Md9/7eDq8F4Ppj25PuxEdDuJb8yh+PXeCo+0cc3gcDUR43nSUoY4oYuJnkkeNVhO9NDoVCmKyqmPPtr1TvNJxlEVb4dpNhiZpD3LGz0Z8cW5l1eVxNBtrMfi9k1PhnkQ2M+KsZrvJ4+BEoxCJrsQ/5noUmIyurdTYwHcukxb+3B9GhtcpNqPf1ciOVMTlcOkxocmIFflt0Ww+I1o19IwbsxoyxPahBY7dfuGFF3OEDTvY4+lC7Bnu5HhFjnKdO3Tni7Edxx6k1ay08bl64eLVTKSC+zzbQctbM3PFCxcG15N/xplycXOS0cWuWG3NkwgTyQs5Mdp5n7sZ7i9EnXj+dOoRjc6dW59nzrFT9HPuXGw/I48eBqZmBDqD+vrdHQ3tWdTozjMOZtXzQs8i6x1lcZSGs6rzWSr3RUyvXr5xPbPhbAtIXL3xTLbmOrizh6+1rMGvhlivXr4yLUQBTJy7F0cLu8fZpnrxpemNN35revJBzp/88ONpPytQp6N2uvji9SA8AN17NN2982A6lUa9dPPF2vYB4efDlG5+5bVSlu+kIV/NgoAzxg8ybK7HBbVwPxyXQvhxDJm/yLKrQ+oX40do8Uyc34YAuUW8eeVizrm8Pl0K3Dhb6h/xYAzLuBpkQFDf5QsXfvsOJ343EnEV7yFYfp5rWIwWwm848U7DmmB2Xu6CfDqv/u0urdFVvE5DZMDxTrLosJHVtW64Tje42ZgotQpHPrQV4grzaTpdE4nfDZcR0zKo9gV7OQ4Ox8WF1Yk8qc5gN+qpI24p/8aJZzCRs+Xx7rvvFh05qtI5ol2eePIBq1D4SyeYDyFBnDKyCyKp1YIg3TCfREaijz7+ZHo/J5+9+tJLMYSO59tUYCFEuZbTd8vrbyZHXFNvZBJ0PQB8du/z6XEU+Gdef326+c1fm04y66818qxoHIUTPQknPh3+vnz96nQq3Idd4nGG5yeZQO1GB7oYfepCFgFsfTAb3MiRgfvUTEHOFx9+Oj1OHhdff63W/D/77LPpUX7fePFmKYH3vv+DHJSVvTKRjc5Hk/BZiPXdt38SAl2Y/t6v/UYQH6E9gcoE99cIPfypry0rTTQaA5LFcZlwiOM78z5Ld+JI773vT3Dm1M2ztBB+wdA4Iza/NYr4zTG6vG7Ug4P0yNBUE09b87uLKy/fBL8bPkSTmtUI4F1IqcoSR94dmigQFjj8Vg/x9iOmITqwW41ajKX/pazQyc/Iouyus3d+I0750G/L02hAxQRHuxmxbt26lcpkQp2J09XrN6u85priK9dvlxF8PpRThcUQJcOPhVozHgIw9u3ovDvhah999kXOteRRIsiJiuEU/WcAkrFtpQpfyfB8lCH/8sUrcYhvqHmQIe3J9CBbKM4E2HOp9F7OEVrPhGrtUobUaAF2spKTAwFzVGDM6sLZjo8zhIR4y/Q/UDqq7lTcvBxmBnmovJsvhNCOw11vRktwaXrfTtAI6hfTcSzFrce5wNnIt2vRt5VObvnB9OJLr09fy6Tuta++Gdc2d4tgcBh+kiC4iaiR1A3pN+ThCOJoHO9cjuejZoHQ5dTZUKTRbLNw6NRhOhzxx3ccRJ4acnCHQXjymS/L78Yp/uFZ+cdZXq3JWoZ0RCmfDp51DmVQ7+GW4ASz4yDHRGVM4qRVnktZ8laGAE7v2lyvO1F3AuWII22/K+1A3nd+vtsrq0y60I2MnoZzq41Gtp///OeZK8TtTeBVdsMjnfzl83wIWRF5QyzhnNRKVUgIEMHVuY7psfeiJkKg9o2kO1Uew0h1NhyGCI8jTC/GrnAzZv5PYpe5nqWsjczuz0d2XLIeHiF5Kb3pJLLUTljyTjhupLLpJA0fiKcDBB7uuR1gHVG/FISbPTrCmc+hxzGiXY+d6VKG6KMQ86PgdT8d4sLrr0znI6dux5wrs6TpSgjXwV/vvPteGupw+k//yT+ZvvWP/mFOzTCTHQ2C2BAmRGmURo47IoMocay4iNMNouKefTMRkNZvCvDRuIN4pZdXx3WXr0YXr4lCnM6z44inDTq/brQmXL99c5ef983FPHuHOJnPybOHW8+CdC5xXf3bt7IcS/kIT57rmaB6ZmzuLqi7NN6pd+PRMy6qHHHAoS6+K8c3h+q6g7/x2jiQ5vlA+1XDeLBpnCi9YB5SSOQY9ySyVPnjn/58euXapQjXkUEQqIlTgAxF19aF/QCzfi3GHx98PL3/pz+cNnIw6bm7X53Ovpgz0CN8b8WCemEl+rdwURMCHcHqggkI3SgtAHtBh5MSNQ5yf+hM8UwmNsOp7t3fS+U+q1k3GLazEeyLzz4vgjsX7moY+vCD9+sC3/WcF//mV1+d3vzKy2moUyk/B5qm/hCDSCEH0mw3boJQH0h1JwJoLHF7SGuC8907CCWn4QwaoQy3g0f5OrmjiV+8/UxWuiE0oGdEKC+/uwERgTVx78HltxZSZ/HA3+lxKeXKX3xcHPzVCXP8mYA4n4QRdOg6yMfVQZ7kTXURBlHlbM8QkzSGaWVIA271F0dZ3oGlJsgZwSjo65DY2AAzDrdRj69U20akIQLQkphgdf2VX87cGqDciw1SwhcyICsvV5JhsJUdjxTIkbfC9X78k59NX3vtxvRiZMD1WKRTdAOajMVCyBr2wzAvJ97uZsXoL37wr6fv/6//23TjW78x/Tf//X83vfbG17K8+X6Uw/FpHsBY+pxOB+BHaQGBZFg6iKHGcmCIDmn65L0Pph98/y+ms6nMy6++Mu2lp/78j/6s9rVcisOFu5Fl3v6DP6mtCO+GW0LS9/7w96vyv/6N35j+wa/+4+lrX6NlyKJBdlpeuBRuGxFFPRFCI9UyI0Q3oeC23RiIE+IRiXcuvxEAToH49mNOyC+mRthLh+M9T977NYuPd7akQTzbW4MjS+/yvsvUMGDqcubjgM0ya79zF1c9iiBSVhOncsX3rS/f5k90U67g+3yQpzr5Lh/fLcc2ETZx6iziIHp5w4Xf4vdiw/P1UA64t4MTE13cs8v33nPDNQ+TaV4+Bum5KKwjOFWhtt7uRq1wHHM48tWtcMJ333+vLJIuxAXNgnQIKXxOxSjHn5xmhJqZ9HGWuNIr7mVPz0Z0YdvxKfmzv/zLEOLB9PmD98P1Hkd9dGM6/+I10sP06UcfT3/2nX87HUWJez2zfeeK/9l3/9307d/7vWxJPZz+wTe/Of3gr/5y+sP/818VUl599dWqw92fvlvEuf9JhO6EN15+afpnv/OfTf/oW99MHXIu5P07duNGHRTBPbo+4I5GHsRg5oFAXI0ciBVHD9cAkN/IFocqSXzvVyJ6eMdAlzqGLQIZfClEq1FxIt/hx10j1MJBYJ1vEMTZl7iIw9UNl8hPuaZ6iis/ZYBFJ+n3DHc6b3F6kuGd0N/qx+yPcuSpkyE4z+p3QF+ZYJKE2z3eGgp3sOm4YDUjhx8weGcEO4gLS3rozdgCL2cOYEWR8w7SovgIFBzKKtqZEai482FpJ+x2L4R0EEse5/xsRM6oaXoI6XxkuvUM286rsY/o//g3f56Vn1fDyaKDC0c6Fw8hD7JL89rLr0+ff3o3WzuiPlk9mrbOBtkvXJ5+M9YqW/e3poe/953patRG7+0cTu+/8+70MHaGVzLs2lO0FcL9+V//dPr4gw+nxejKvhsOijBYPv3uhVemrW9/b/rD3//LOvjq9ZdeTcXjizKqqL1U9nSG1NObF6ZXXn1peuurX51e/61fq9775ElUWFnjt+zlPPCjcNqjo+jaom2ARAiBUPWsRkgjF5KDMB3xajQGV65fKzwd298dgrybhtuPXO4s0KPI01a+Pvn81nT6XGTqjAb7hqisKzODle9qJjLnnaVp73smgqGmMoTB7ZxQvJ587DRdj4izGhjpYRfSkQ/JZGEUSyFyS64MZMj5jzIh3dg4zHZqpwbfj5+qK1mJizPZiEuLabO1s5eia701vfzyy6V030zHOh/9MFUb2Z8xz3ZWijARHG4pKqLarBi5Xv12A9NiVHVXYpiM4KVDhHSpLNFuffJZbc3eTCfERWtLTaiNemgj5zHB6cNoZOBTOmKIUXE77QTXllXXs1q1HJPKR3c+nW5/PAxGzmQV6kzg10FC3dUxPOtYOfuSkG5viMyGIN69rBLAdSICmEPXH/3oR9M33rg5XYtj0r0MgRuR91oJ/IQFbdQ2p4LsjdN6YLhq1EThS5Fltqdf+4ffnG6+9kr1JCtG9JAnMcN76bVL05WDb073fv7zquRmdJjKuxWZcicEeD2ixCsh5k++96NYTUXXt56Vj6vXQ2hLOeF3bbqZYf3FzNj3VgJ/OD/4XaliOLO/Jnu5hyN0nXynjFZ/yPPbXcM1VzCE4U79XZxCWhAtnQYxFLr3N98ZqGigukIM6iI+iAQwiO/y3L/dcS33DuIkYhFqvc9P5Qmdh/wrXt6BVfBOXh1Hp/AsLbh8E/c4q33e+70aXJr1CzqxkaMDvKzrKAnqjMs1V+448m5VlPLhD8zK83slZcDDXjjr/cwn7A7lpogVmrTLmVDjppiTex2SpQfZcnqShgAkBAueBRnLdDdWRn/xwx9Mv/WNt6Yrv/71VO54Ohdr8Ft3H8QPTww9HodbhRssx7L7bAq6EuLcTM95uHU/FuhZq/+979aa+EpMuzaysnCqxICL083MuM9FkP7i9a8+PX9zO73w7XBUyHopxHc9XnvXvtguDncSVdDZqJw2L56fTlNDpazTyfP4KIr8IIMFe7pUnslOIc1wIcOtb/OXxtFokKh+rJ82ozGgloIs73xziZsc09GYAA7HWFZxbkeO7WEV3lw8aRRy0yjL0SQ3/p6Qz2eE510R8gymTgvfjXdEU/ETx6DsfZJVed6T+wUdSHowy7fL8A1h+KaevvkNXvDJ30qP+JZGvWviRpiIRN2lQ3QMO6wGSreRBROGIPIOiitfe9ovRcUnKM836eTV9S1YIy4oh+x59/ad2viH+M8Fb+Dbn8GXVbloLzN0W7I6FWBk4uqgAI3kstpCqfr9yI/f+NU3y9ooo8VIkwKtox9HKmAPuL52LnJHThQ7ujCd271YJ/b+/Rs50i7Ld49CsPv3spnqiyw1Rod5N3Ll7TCLlYUsn4UEDpNOtzhzOw4X0rMOHn40ffLTT6ebl69ll2ZknGyQ2wgRnckQdyrLgvuZMOxz3L+uwYKsEGetcmHkIUpma0fRDHSja0T5qycu4IIssqJhrJHpnXr7DtkLmYVaYpPe7/UMQxBsdnoQXXEThTTiaET3wzSwZ1fDIG+wFixFdGMGLE7now08l5wa7iL4jrjkM+o6DDE8Ux8J0sjXHYH5BiZlqpv0nYfJMMJsZw2IQxlNB53WRjlucVjFy2N0lIG/8PuSr+FCfN/nYZCffOUpHZj4tPc7klKNNPB+nAmY0ftJcHuQKyrIIbQfpxHJQBLITCbuKtVDm8nAqZjF/eCHP54+/u3fnl6+eTUz7HCxNJIetpy8lrJyBNgoiaaFCMLLqbjjlilln0SucTbl6ezsO528L6dBy6QtZZiMPU7P3I4MtZo9TbYkn78eBXdWc5iCkQmtRK3E6HUtOqG1s+vTIr9KUUNFO5mL+IEbDQ65lA4SYLNNOVyfp5E0zGKEdPVyaRSNhcjKSDg5bEaWgg/19h4u1N35P36vRY5ifK0BfINw389GDDnMGr4GEeBsjdiS/E9lz5S4yrTq5S74Nt6PCaU8i6vkLoDBVcSbckITFaSh5lKWNIJ07bZS2U144jbxiyON8ptwpU8RqLnqgrikFXRIcZvQ1P8kYtvZjJQXs2bPlyr7TuU5arzk0ODcSCftkEtjhxBZndiHg9rqDWfK15GMUDwUHuTyjtQzRrpR9yWJRgPZbDV6TUGXP40wAHjWaxgdf/L5F9Nf/NWPc5zd+VqWsvpTOksEGZtK3GU3HM8mt0g3kVUyjASoO2fTu8Pt1k7F+DbEeBw1DMdbq+EKK6ngcmTV1WwGAyBCM5naz2arfCoPeMcRzIkg9iKFguubRrMb0tYOq0f5VRoAhJnxveBC3OlX1WObONQJEhG9ulGZQajG0ZC+idOzS3EE6eGrA6RKs5h6nBhGEsQ1RLojMIQone3TTRhNnMuZmPhGx4eYmoDkI60WK6LPs9/iVN6pp/yt6hxG9l+c+aGSV3M/8Ps98h96Wc/S+cY0MvPcahvlIU70IA74wIrxIFB42M7oY/jVgcUBFy64ktFXmYhNvvLvfKqcwO27PNwz0BVxehYv8lQxt3PJV7mNm6Vm+zu1r3kYKQBUgAiXyEKtSUNmqOWP/+x706987c1p842z1Zhm+vsnQ1DmIcLBp+W/KKz6KLIIgPa2gsxUbjGXioVRTgvRCCymgtzvrcQz3eERxwzxIpE0ezlJY+8wVjyZURbXPhOEWAmKUv0gOx4PDN+WXgMbZG1k5lsNlobTkIeU/LkgeSMTPkgddYpQHgLTGNbTG0lwIa5RAIG6P46yHzfQKPL0fTec1N1vhIlYlH9Qlv8Y0fClWbs+C29jwgWHRWi5g2MQ1yC+fjaJBI948tfZfCPfu7t857TCd/G0z1JEi24rsLj8dhdf6Hw7HqNihsDMDtXvTMwiu1wECV/qqcx6Dg7hCO4sSwbr9Z7NJlyxZlOGNO7KRtx9338wFPzF6ZMnvCFotEFs2Np+nCXuIeMb6coqiZWyigKiKwxIv+eRGCmmvp+NvPfOO+9Nt+7cm96KSZulrNMZMk8cLZ096zZGUX8cZUJylNngYVYKzMpeeZQVjCcPs303s7QIGycZ3k8yA7yXoZgq41yM8h7GHC0lB2GpeNKcSe+GWn4/t6+FQEKYh7GOCaRBZNCTYZbp1pPU0CpEySwhWsN798DVlAHZGgBiGc66uyCKN5FuiG4c9dbrESbEQ7IA8eXVY0acTZgaQF7Sey4OnO0qAjgKt80F8w6e53HtWbrFsHhlNBw1zAUW8IgjH/F8Fzre/O954vAMRndmgp2HO1mTbSzuZdRYXhtbncHrHXzBgVEEUZITeVsZo0lUedF3i8MOo5Y4I8aJB9fyl7Zx4TddqVBG4KkHmKWnqlS/rWw3h0OXEOLUOwfFd2aNHAkEGXs+zkTkKMPlfvRXCwHg23/w3emf/uP/JCqIHHWXteuVDC2nMk4cZf94nXRxNnlH7WPb+KmjU9PtWMI/zUt+rujKIJxu7/7+pzGbi0wW2eUQwcVmzgz3MJ0nA8GYtKVCKkU15F7/krdQ562n4QyvO5Fj5L8W2MjCR+EQdqhbzeJMczu61q17Y3a/zlIqLnM2ZoiXdjt+iT75LHujHkcdshzRJ85xz6UjMChZSKc6ivjyRXSB6+mo9nGn+qUSOYhOc8NZTNkffjkNztKHr6fd2HmeiRajDKgzmsBDncKsrulq+2T+uBVEFIiJ/Wz5wUzVarEjRjL8BhiFjiJHr8ZP6uqpcLBw8Z3I6RuYQ+TbZJ34zgxanu7Gd/9GynwQN0BL8QCSXlLiDxXwEhEkZUTTXjaphveljHgmvC+8cGO6md0NFhfu370zOkvgXZo2U3bEnUxK16KFuBBNSekyw0Uxj4uxBhMQN06vgyI+XFRbnKQszyZfiFa8RyFIZy+xwfji1mfRm9pMt5G5SuRgmYk4Io+eBXGCe19+95LlKHycw0hZeyHKVRY586EIJ6/GfcZNYiInP8ToKuIEdJ69X3ySqX44B/nRNhAzbn6c8B/fdZ5RzIDv+fJq20i4gfwEnQyC9GZ34oKZe8lP4YjqsZyhyjf1xyGV4b1n8XCN5o5cwwgNrzSsucCmLtLkR7RpwyROXhTu7oJ48wFuOq0ywStPoeImfqdoPDbjEK+f3edDt493nQ5RqIsRQn3VwTeTVcbNuBVN7EaU4vK+m87r1BREZtSgIroTvaTfZOfaTxT8MACi8SkumzrIU94u9ZaXvMF0OkZBYHV5D6/aRv7ib+XwrntZf4fHFTTF4wMl/FCoDnYKMX1J9PxzVx4r//jjj6fNr36ljDYMG42MRszTnYuG6ijm5/PqSvS7UpgloQbRm+Sn0WuCFEJXoc5XOX/bs3fy812DaAiXZ5uz9sNp7qZD3Qsi5L8ZxJxNgzBkgRRD/Ri2xim8hnVDXiPT2rv6K2MQh84wZq1gtaID4coTRwN5b+LyrJ4DvqpA/vgu3momeyPP0cAh3ZSbjp26KL9h6LKVIUgzH7rMzqvjuzcu4F4wUaXfZfCxmdWu61kZW4ns7rf9QMzfiiBnOAXrergwIh/lbOXkjoFf9QZjt6vnxkPD39+U7R0YEan2+vrXvz79ZdSUH7z33iBsRh1mbZnlVASJGoky6mf3JohuHBOKDz74QJKnSO047q4GABDx0B0ZM4i3SzIypav8r0RXeYoKiqwaXdqTTHqcIJal6txDqGkkJ4gFxLrKEIKMmd/97K6SyukLYpQP9oI5ddWhWMc8DNEtZfWKWgSiDTl6OGKk/tA4CBUOuk7y9VujyNNv3/pddwRwNCzKF+bx2M/9XnrwNdxd3nw87/yW3yD2gVtppZPec8eTdxOLTue7enbecCOdCchWVD3qbWnYAoP3CJOV05moAKUdy5kDv2TKFj8aRnflC10PsHZ53nfH8NzppFEf12qMZ15+9fXpxSzBpqLTklkf9UxtEsv+8s5Mos5AZoKZpO8yIkxrTJyzgei7OC49Pk0YCrKMGE4YvY8887G4IwDyoi7vFxFm7nSQKSDWSpltRqW0mLv3J9lg1yFZJOCxwug45E9B2RDUDdAIMCl7lBkjGczM0l7szZjkWYB4mFm5+tDJ3cu+HrN06eYRKl8NhTh9s+e/vesVcnGOyOVC1bOehhjAE92pyKr1PnWpeiY/ebYzsMbfLFndCo/wlKBMccDZASyCd334rN/qjxjh2kigo5VeMcSIGXkm+9k2zHrdHqk6vCKdV550u9eunUm8C0WoRoxUN/kOgpO/EcXIqyMWh0xZTZhdP789uxv64QkOha6v7+pmX9oLOQ0Zw/jZT3+StXVCcWZb4zS0Z70cUuaD333JDEAMEwjQCpF5f396D7GwDDfZidYh3581XAOUrAK8kjT0ICy/OJTqEHRU/kezRur3z99VXOhGbM7pvcbZysYvHNHuwPVs+DqLMMNBeAM23G+HW+CsCFR89VjOxExd1bEJ0x38XQf5ey5k0yPkWRxwaGjPQJNfw9fpveth2zuh4sF3yuwG9E457k2QnuVtYuXdSs4S8k65As55mM6Nc/our8JRJoXdcQ3pCOdsFOSrKzF3jJyJEIWGR1xDO3m0ZtwDzKfEeRBDGAEs8lJO16/h9x5Ole/yvvHa78ikka6iqYm9xEuvmBCRC+jqgsCFsegvYwlUdP4CQH8D8JP0VkcsC1V5w/N8mhCVf7VzMIUGngrygEA47Eq4mzF2WABlLpzJ3em5ThX7ZUGFOzRSlFOEGRHEOu5WiA+HvnApw3mGLCqs3RAjrno/cig/URpTOrTSMjNEQv4gtEGMAxdjWFKuutv05zAq5cun7UPnnVmNuo/KFswRYeBzlDnqWPATXZJPjUCASfBb2wjKk6YcYuTdkzhMExpGxMm4BpyIo7ir/HLVIkNwWunzTV4Iby/aABzXrlS2urQThvqy200c/lofx+7hbpy44YQWXHBmzzq1MtSlYfSsPDAgPnTStOUOroHHEH/mJETFo7QJAp3pOZ8pTUV0AbaD5/7tmwop0ExVJQUIWQlxzodKF+JM4rxOA2TiVflnGKaArwvy8tXVTg8qTlQd6WNx4JUJg+9pQO78ng/idihuPoOv34ELjBBHlqSjXMlZStZyxXe0Cs95J4nXhNl5qieRRD0GwocRxPz3p57n4Cg4cez2WoZvnUt65cMVl9jzOOw8Ckf53g04/17HqO/yLhwO4iz5e5ZGPTttx1GmC3F2enVFOMQUoxkZM3aFgWsYDSMwMqehnfOEGzduFK7kTwQwgvzwR381vfjii4VLu2CHTJvFl3RCRFaiQsr0rHz1hzeXsB7uLK5LPee/iftZNizqIMSFwekjSPDFiBRMQgxttaU2wKBsa9+2VCxGSDuJYcZi3AyeTiEPompIlCKon7zz8+lc7ABX6OKi16P7cgWCNBhL+ZjjRTl/aiGK7FPOH48pVnSiC7EEXojQXSojpBg6g/jDlLtvBhy95OFihtAsVfLveSr73iOMJls9nZzDiEGvpjezoYwPe3tdcD7Lj5md7+fQg627Eeg/nz6O8fFytgxfiwMIWzn2o8dTx93oGG9tP5zuxXhkN0R1vBCdYa7VdadJXIjeLcNjtjmHkdQM/8i26JWL0V/GwDjOAx5FFn6cM+jPxKj5cvajy/NuRpQjdY+a5SjKeOZ9UU8mn6yUZdikHTkfTrIKzxo3Cweb6+HOO1m+PYrBS5Zk9zPEajSKcnjxjKhMRjQeDldtlPIQ3tH+g5gQGqnoQTO8Rh13r/awRwxb57A3mwEvXi54zsVPgHa04/bVV74SHWUU7MHJtWtXa8Ko01HxEHMQGnHoatr4zp3bRfCIF3GyFnvzzTcLjvXYPdgkmWziuzSTplyevfONqxsLPmcjUtm3z0xzLAAZ6g+ny/HLhabSAqGVEC+uspdeqfc5dUzwrMfVu/QCd8SLi1h5QXQszamgDFuOYlEZDsAWsgWUFzlrveRYa1NjM9yMQ4b5KcaERO+pTfQRLcKfiKUVvJ+/ErPe6/0aSGiO8Pyz7y4IlYdGxBXUUxq9Wo9VJw1ryPfdJX7nJ15f4rr0+DEsZbgVN5c8iB4dp8sv+Gew+iZ413DJ23u/XWCT1nvx/Nb43ilzDKGDE3V8SnJ5iD/ym+E0aar8vBc6b3G7jOJamdyULj7x5YnzeW8p0ezcEC8Y4s3aP799O9/j8AFDSQNqD+msannu/Bt+eQldB+o0z7536DZx73Ty8XupIyok2dTL/uhug5uwH/eDdWpGGsNs2vAg2MjkYFceQ6LRHpwyFtVLOOWsQHrAoDu0PfKvhIySkwSBI75Ur17P/1ERgZ5TWMCJksh7985fHbrSnjUmTuKOKPV6sgyYNbi7tC2LGvIN6YL3ZqSqUw0YBDch7cZQ5YCBR8GFuDXqQDa5WrzmZOKAWn4azt1mOjCBEQzyxwm967TdoOJT2eg04OTR73HqIZ220jbqJJ2ypLM1uPGgLuIpq8rOhEYa8LlLx9/Ucpx+semELxsIzZSdnMFWlaxJnYSjwqNlXuXAIRlaUF55t8u7PNQ75bmKflIWGLrO/SxixytYEn9nZtnV71PW4CKFzJnNo0y7Uhxp1bcAYWjKj1xme2P91BB1O44TcD4+GxdDoFxvG84rMFCIOqnUQwV8AA+PVA1mXqX+yB0rr6PuRqqnFQKHTiNwYtqV81olhLLfZASSlxpEY2tQCNWAiI+seS5GyTgQZIiDMHx3no/GSe9LnoNLkssQVeMHTgzPozEGzvRn+UCJVZLOt4nCxjIwktcEhOGbeM1ppPdOgyPeJmTleQc+ZRrC70QzUkN56gku9RPPjFzdpRW3G1feyvTbncJ9wDu4cUbYSkeVBAajIAU8ma+J1HuTIvL65sULlZey1EHZ6u5enSbaGGX57RJPAJcLHYBD8F0QB8zya7j7fc4AmE1uZneRVBxQIitUhjJZTYb4QQnkIS8W59g7AxC+eU7H44WhXB6hznTdwWVPBXnhd2WcMcAdE6cireSLVOnenPPdXLIgnwGfKsx+DjjAArYUMnuPeMfQhMg0mquJr1UjrThWN98RraGx66oU+YKfMQM8NNIU1Ctp4306bcqy2xIO4AnCHb/dDVCEEoJfzlAIZuUI8uzGE6ffOf3Ce9eoX32qP95JLy0ds+/dLt3A4PLc+ZNZq9MlB3GtQPlNN+keASJfBjc1YXvzza9mmfJytQG4dmIUbhhPlsU1dWyTJnDIT3mFi9mIBkZB+YI48kGY0jr4wjtBHLCCQ5zGqXrJp96J5FKgYUQkPcxwItLo0QNptfEq3A8hFbJMevL7i6hoOI86cyMuZlrd41uuJ5ksLGSiRMA95r9TY6QxBxA4CgLT4yLVZu27uGnK5eWiG0glBCtCMFW+NuvNkFNs23Dhli6wN3H6Lb0hqXpvnpswe0itvFNmyGwGF+IceGkYCu7A+pSzRhzRyBz0i7OeTW7CPLdSLkJSLvHHN7j2W3ieWLnNUY7v8Cu+vP0m73rWPg4j860bl7e9zrviJL54jQ/xBvwDvqVweUEZHMNuJD/bdAzhuLf3RJYUV/DSGpgcgR1nLfVe0jds4TpV/nImPcqaD8pFkOoKpoZDXh237/JzCbN6EHDHcMDCuhCTCNXjIo8gWJl7z2gXseJ1COVUdjXiiF9k27CDXV/LjktbhmN+nitfIiacxLuYZj8VeShrGKmYwnGnNFDqobGLPtPYkII4AebZpvsB7CBCQHdlG+FdcZVHlH01keKahlU9V1zvNSTC9K2RJW9BeV3+KHuUaeYgrouEPOAYEyJ1sW89U+1BNDBUPWkQgIZQduOxRyNwqGdf6Q6Vr/jK1ok8g1294F4DDy60XY0rzumIK/N5MSGUDkGrLzw+hT3Ec/pMdkyGGFfT3hsxezsXq/ZLMYcj8wm9VUUeOjX4EKURU9l0uTpmw23lT1kbm9mFmrt6SutSLhjAuXn+Un3zTlptKK4gbnfWfj+EoVmDqDzEJVVFdjYRopTQfSfDBIvx9MuRWbidicODnENz+3Ycdo1mS3oEGm4Wu8noooLocNHEO47aBXEiyPKFGcIGZJpwRqjPCCP0/AtBY3UDa4h+ViEdyb0bAzI8WwnynnCvXtIJ7tLIAyKa0G2bFZTVl9/9XV4a4iSma8FvpXdfjNJ95D/sEo0muI3Q+TRxIC5XN4DvAweDkJXRv8HYbaJOnrWFsnajypOnON1GXZY48pCXumbQLFjU1zcMB3GuZwbulOBz2V/O6ojFmzjc8OCcYBzwjV2Vd7NIIS3DD1s05N+4AYd6gVOZyi+GFhjJzZjBCs8veVaG9pFWOjC5+hxN+bqWNuJPcT0Fhmtnwf2VaOdj/JAMFnKet30x27Hk0WaLWX1Yi65sL8aAkMSwN81cPidPp6L/6v/5v6f/4p/+1nRpMzJKOOY+YDKBOhVi3s7e74PIk2tFqGmMpM0oX6s+NYMPhSOL8kIXzmklyLmWlGRpuyII9qLLZNJUvK5U0CTL88FsGDfjVtnd/O7Kr6chWciHcZcBie8QaDkOAiH/WTCbN2EKZ2AHkPJqdQqwKSsoj/febNrb2IzhyM70/mcfFb6uX4jzskeRu5Pvg6hhbr700vTRJ5+kkWNEkY7owNjDTMhKX5zf7C2Z7z1Rp6DRhO4g54wyE1uPTpX11MpqdoBGBy3t6ehmneJ8LfvQd/ceTheXL0V+4yHlcDqTHayPbuXEvVBWNXQI8cZLL9TeqycZoneiVD9MR0lTl42o4XsvOIvBapQrMZdLfdl63o3NgS04iE+AG8TDkyATxgfZMrPuZLowGJNhjhM4/aXvfIEPq9sL009/9ONaGz+T/Kij4MPkajX4PEi9+Sd1spzOJX9EehyHv4J2OAo+ToczNyOJzccw06cmsmnJXiARtx5Hmx9jVUOWY2B4cDiIn3i9VabuHfQUbPvnH7w3Lb7+Ruw7s5kNMOldNrUxsI3eOqqL0YOlU3GTmHEfHOsEsOkxNrsNX+7hVAFYL6KkdSqE5+IGKb85ByS4vNdA4qiDnqsjefaelZNvltxGuaMGvg9kgWkgCudLrPwacdmyVh7pPO7qKw+NqRx1KY4RaoMf+Tlc1Z3lD1gbZzgMffFh1FDeieMdbrUciy35galhlJ93htTdLB0Kna5gyHtls5M4HcX2k9I/p0Mkv4JD3uoRQpevxmfHiXBMEo0sOutYvoTL4chLmRiJeJtxXvHpF5+XUh6Xkw7OTSrhA0dUlmd3eMediQh+i7+fDi8tGATv5+spvvrArfrE8VvsGcM2AdKbrVhes1QyC+XL3aGty/HssLxswjIa0F3GCvAM0P/9X/7L6X/4F/9iuvTrv1m+j3azPYN1dFTJZQl0nPhmvDiFxsTLCNOylMdJJk5OvFVBWymaMOs5MOHIGgrgGsezcscEqIfyMeRrbAhSL3GLwHHhpHF1PboO7uPUjtGg46iSIDJ7lcrZV/zNF9EHD7iyxpBHE7/Tep21vpoJBvcr9ufYxsBmlHdljnjFV06X6Xerj8BJUwGfngXxBOUiKB3hSVaevPeuv2l49gGL8bDiWXpuYXYwh5Shg9EEIL66omw/n1PyrkR3Sn+6HG4G59LBJTELoSiPUUfDS0mPW1LQyweOxUdwxALt4tklr3n8i0uvCp4B0y8Sp3fSwW3XbWkz7pX1jGK1hurgRY+HZN5/x45CXCDnU54MK2mNLTNAA8Ld9Ud/+ifTV996s9ZmL4ULnw6iHdbEDXP6YIAfs/LC6uxPc7HKL3nWEIjbFpccXNApYkUYM8KCBL/dESc9pbvf8gGTS2WbMH3TORp2xTfcCEJQtuchL+o0qafJj2F3xhEcorAXtzqjEYcg71uty4coLTXup57Eg9W4rNmKOsZEwzzQKAW+7hyjY4+yvbedeZQ/hryug/gNI5j9HjgYspt4O0lvO/L5TI6WIsY8jmHGTjgQ52hkfqMSHK2v6/hhALnsCgA7f6iIwnGI8keYiBxNPIlvfh3RhraL2coCTvmI0x1TXMRJrnxKWMETmMXtd8vBjef+DecDB0Ob0O/VBzEv2aymhwDkOGNv0JMhPA4Nwk0t1HOfp7IET8OtilVDp7IaGgE0QplU/d53fn/aiez3X//z/3J689XXptuRvbbvP5xuxMJ6K+cnqnwHFTW8ubtOlSwWoss+80J+iGUQqQpFTkocFfANMs22Vd7lHXjUo5GmEcX3Xuh7N7R34EGMdc/uw9JCROY1aUtxxU2lIyMmu5Jzle2CQPVXdjVy4uvQh+FYvJCYLNryy/8SvalTheUlrf4gvfvAQ7ZNp8HBIQ7YtYtLHcAsnd897O1ntaobVF4bMTixy1TaRzFosUCi6kvpXGuZtCGga9euT9dv3shz3J5nnf1cOGBYRnW23a2xv5x6qbUZ9qSro0kv0zz4VRYcI1D1Vn9r8MoFe9OEenkHdvGV00E8792Fav/UHWGONomos5LeXadTJPHDrJFLTqWBe9qPbDNbbZdID1RQB5m5BIXIcCVr6xzw/8Effbcq+89/93enr77yWhW4FQLSWxNtFgb3DfjJZwx5x3ujVznRQYVLzgxR1nOI+CQwaIxBHGPrrt8Nl4p1r1Np36QFG4SafIG1Z9Lz8Htvj1BupZMNyxj3pNGBiBjJKrLz6BjSrkUOl24/Rz27FzWmc6ePZRJzrghzO1w9GZUMDoaGF/GPc0ef4VWjdsM08SNGqzPu3jHWuJPJBqIgo5JD5anxcU7pbXpzHUZk0qDmDNbHccCLFwes4IUbS7u7IWLfrsaMUDlGOMQG3qtXrteaO4J1Ip/vo+whHlW906LwoWx1kM5vbdD10ehNiN65Os6MIKoO3mlPsMVkztAnIdnGsJv6ZJeh5ThDuf3jgN2LEvkgyBH0HgFSuvBqpAfxPJclLkLyv/72t6OYvzf97m//zvRinG7hwGfTqwVllMxJFVWEOYjzZG9wKJUvThWiUAauCWDw+W0pcsQZcheC7IYFj7guyACXq5CWRnL3uxHj3sjqjWkDcQPhIAXjQOxIJ28NgCCIPThZvsTKKhMPuMwzX0Iff/pZ5L6xl5+OsEPDRGyQl9AN6pv6yLNxK06NbLmbH/z4p+9U/a1vM2+Dk40Q5tnM9hlhWNnZjgVS+nLgGpMuHPXC5eyqvHlzuhKd5lo0CV1vBK5MBKF8qdQNTOK4m9jQi3qGe3GlUTYcgssIJj5ceS/At98lm8Yztu/SedeXMhuWfifPWr6UUIG1XSNdzTLX8UZ6aYZp/s2dugtgSJIxRMkMANI1EJsb4RasyhFP9gP/4R//8fTnf/bn0zf//jem3/2dfzadujDOAUrSpDcGqliNlVXBhUNDJHnTcBXOgGOlTJOGcdeYo1JNVCoPHnCJ0zB5brjEAW+v+kCG9AJkNGIGksZ7HL1CdaTxqAzDtngaybW7N9yvMH2zBbhXT7gYxOngx+hE7fWLMIVzBX/FIWZ5+a4uroYRfN4rOw/FKRl4S7eWfE1MbNUVn+wHpsJBOrI6HgRfS3E7qPMwFRQfPrQ5vaJZ+9mYBUr7wbvvVP4mSyZK4rEnEFdHePA4R3OHc8of8UpjcuQ74gWT4DuYxe34cGHkAt/A8+Cc3Q7aQBy/XYXfl6Lb1Etl+Chn6ThPMmJS2EWmMNmvvZUjVPbiicP5jWnJqLlSzcifi+F6K1QDTOdCPDnpPi5jsI0Qd3wdpRNNj/ezjWPnZPrw3/3V9H99/2fT//Lf/ufTN77xjUK+RiOPKRvi9bpAXzrAkkPpGIPYo6iQqoOk4kuZsKkEDyAbaXxBRTQgo5GT6Arzpk7hqKMG6VNtQUnDSaeBOvgNAY0c75ezRgyp7Dap0ApZScV2dGc7msLsTgyapnt3H02vvv5mhtdYzqcznsqy327gvJjOxXvG4uqp6f7nt8sek0J7J3CdN6Lcjje+yJ0r8Wvq3HMeLlacFRlDma3Hh9NXXrlcs+GVcL/L9tKn8Yt4A7ffO1mb/vCj98pO8n7kw3h2ii3oTk4nyapODL3Pnb+cITpnAMXr34P48ScCXL2Sk0Xi2vDqpQvTlRs3yzGCOm9GIU7V953vfKfsMZXzUkSwms3PCLgYT+xp+TVCZMsHY5GGPOq3AEaEiUjRBcIji7rk+TDiAlxvRmSgM+X2UPk4vnYnsgjKffvtt8u/qGfGzEtvvPFG9W4Z3f187Bmunpc1ccPpVnwXyVCjmXnaDLZCFxcglhGo3+EYKyHaxzmoyveMGVG6Zn07xMUDx1E46UmuIpCkQxR6pTvCUiG/2XYmUgFbcfMuLCf/mW2FY5Gh5oJKzl+VptKHDJMNfV9tykv+ygjlz6X+m4+O0pMHuMil0sxzVjjI/3rf3MG7jgMWBL2SjqMBcZd7HBpkJBK/l1HT6wqfGkcZ8uhlQsOjdJ1eu5jIVJyVs9O9rMTp1JtRAa5ERpbvYs4nOns+uySD73uZuOjo7CPYY967l/1Sy5fDEMbqEoIrZrTOn9HZnA/1xvQrv/IrRUj0pOouNF49q59ypCMCIEiwqyuuiZiomR6Hg2sn5XsvrvfqgAgvX7pW7+Qlz8abO7hw9hYNlLFEw98f33zjrRKMRTAZeZRTZF+J70ynIEDWw/svBWrcMXIgdU/i7cZym7L+UTxaBLLIXeFoEbABxAW0lZmQRs1YVUjl3VXC8KVsiABwcBsJCQHlXZ7DkzN7DrGEUCpeOLUgvt8arJHoLk9EqURLiDbuDc5JAEecg/DFEBDifEhXqDxNjHxzyVfw7LAquyjBD5nq6AKLoxnpSc3Mz8fS+96dh7E+z/k9acBzhsLghILcas/ubrxcZEilbjo2yYtW4nzUefLUKF2e+rk0/mjsjeLaRyHOc1l6tLeI1b/J17kc53g/w/0nkXO135k4sNhPPFbnr772lemtr8enauRNZdgOcSunudFxIzBti/AuZ27QDGO+3p61T8/OTZY860Q4KNwo0zvwg7Vphumdbx999FHqGmhTHnyJ0x1BBwWXuwma+PJdavbsw+kgyBbh9UN7lzO05MygS1cuTq/OEqxkGU8mtpMehzh3Mizdvv1FXGZ/ULsw1zIeQmZ2QE1nQpisXMhbGtOMX1kISGXcASc/AcAnESWsDB1kizInYHWAfb61e7+TKMQH0sIxEXE4t4vFUz4MzhqiLAPmp8SJ+86Is3QRVVz9Acd8SJcIgp4N98oquAKb59FIQ5YCd3Uo9U1QFyeKWJ/fm9UJkpczkrCiYre6ElUPXDx+zMA3G7riKuZ4psNdy/NeTtzQ4BrfRjJlNL488xP2KH7Zddwy1olRDbHhXLim9X0ixqMQmg4DL0eZhC4vX8waepytRdxChIJ2OBNuS5XkmXrpcdrM9mB0oM6Nmy5fOsxEnbve4jWOfP/Zz35Wy5fqMHA1ZGpEa+8RtZQ80Ii0cNE04Te4jRJgUEb8pQ4zJ5k1oUA0TlAGE0GoBAI/PXqYJU5e5Qxf9uF8+uknZUXNflCDOJBgJzIRIHA9FbWeTNkvb4C4VNwFGBVAcNag8zONF24ZQj22UWxGGK1yAivu6hJ3IDIEjzPOiLMOUAhBFMecEWclS6pGvHs/5zV+XXCBEXLAqA6NTHAeh8sVAYVIfO+ypdmOSmkjshyuQNPx8M6dGsbUfS2ijw5vRKL9SNIEhAAeK01R0M98eRoC33zzzemT6IgN88oxRP7svS8CVzhuZO7SPyfdxfPnanje3jmYvsicYSfH8oCdH9ELMegwbL8Uzsmk74c//GFxYbBeiIVQD9E1uw/hng8nh1uXuvbVeFIv8Og42g2cOJ19RGTIjz77tOhDfBwU3PJy95t/J98QIToZuBujFdpr2pA3wq0T3GRQRGo4nAWEQtVBhmwi2t9Oj0iDW3L0jrrkXCYJp89dnF548bUQVHRrmd3byZhuG98396bbAXgr4gGDYwQIgGdD4TNVBUCVmelHNRaVyHFmmUdxluTkYARyqpY6B/ISPTA8gxfYC+EOzxNnmj75FmONmPA3CbMR5D5PnPOI7Wf2BxreabmQG7QVgt0F6Y08B+nEq3GKBeE6JNjXEecSuW22LSOTL3M+gbxpAnd643wZTIxOMEQWBNREcvvurRA5mT9yYba+1ClpcVx7lInG7cj792L7EBubwVmDmitxjnUthMMszgZA7l7gfx4ueWt/HuSsJnVZ8NGXd+N5yNQYFHqBF5ehmp5U/tSIcIQYlSUuji1eJJEKnqs9UwZaUL40CBLByxs8swMLxlDmpDRBZErnsdZbr+rdpezYM2Saycp0J3LUQipEtluL3HN26Wxkq5h2IeAMV++Ge97JvpR7t3MWZoaf1TdvFFEDRIWb6BtBDiH1rFKhzYyVmUiE0xylwYugjwYiGyngFCCu7ho7CcvvU+5BdeBOO+aPuzeNcPGVJfS7Jk5wgbHzrUizeOBAnJBeK2ezj2BCmNbQIbe4Z5BdjRKVnNMl4rokEs9OhnIGIzxKg0knN1kZsGgcahx3DazBBDLcXuxFNzcvRlTIiJR0TnRei3L8wYOdTISyUxNOI/PXxrSMOEvh1JxePApXXY9p3I0ccoaQdCwMRvksp9STbHg3K3me1b/bBPyNH/AQOayvm+jUaDdrA/CeTTPAi3YxusCDC7eVn7rLT/46nbrJW3x3gXztvav0nD40UYhYiA4Bkr8MRRpKb1Mp8U6HYzJuKOE2QyliWktmh4fpIQgi+dk0BaE//esfZxZ/f7qZmRiguqKeiwhnBAIw5SpfGfxAhuYDYIbSNBxgj7O8KE4Ps547VL4z4izjktQ1aE38EEDVCXU+4wYNR9/lo0PIE2wucPR3zwJcgBE+HL8oSOOiGfCdHHVnNqQTUzYuxQg76Z3wBme2NpPHR5qh8PYd99HIZs8mLS/F9E756vv+++9Hng19c9hAfg/Oz0eFo66PwzH3dmNc8zAWS9EP05Ccj0751VdfndYzsq3ExO9mhvaHOWIFzs2K3/zq19Jew/zx008/rXJ1FXB0Oym36QEc4EVsVEdNcIgRISLUncxDELD00iFk6RAinOQUoqdtV+2Z/OFROcqVv3ykpyGKDDwQXL0p3BL9ruSj9yJJaHZ4Ep3Y6ssVhwAAApdJREFUblRJ59PDUtK08yiZpr0YHy9G4b69dScEuT5tRo20c+eD6Ud/8u3pvT//4+nqys70a994NasS12uIA4zKQFID4+6KIJUG1JMGhyxCTUOeiiWQbcsnh0PQ7vitkPdbXGZ6Qj3nt7rYwuutd7aZuHeYJ7x6Xsxm/nD8/QMGsZlMrCTPLTLcgPnhtpFlnLe+Ggugo5qQxMjisc4buSqdFoHdit/P1diyrkXfuboZfeLBgyr3zLkYTkQHHHE9Q3rULVHTrWWLxZmVy9Ny6vxhDIgvZXJykInRxaQ7k3OdHmdJ917KvX8UpwXBWRwL5OyltelKXJ5zmIsgDjNk78ZqqggzXZL4gVA//uSz6a3zWUMPoe6mrItpg6pn6vD+h59WRzIKOltoLXrsA1ZhaW+LFdpfp0YDRgGnR7/04qvBSc4quj4c6eqIZyO7akvx1+MvHr0YXRAtYxHtjeA2N8eEGGekE2Xv6Rk80qCJbjdpEPaSBy9leDZqDg2t0NHDB3B6iwK2H2Y/M5OtpZxM2+usWSF5EuK8fCEHpqYhf/pX35ve/uF3p63bH1XhZ3OG0PkMRefyXQBMB8/zxNI9rolvPp64JyezyVsapXpbZqTuGkk+RM7Or37PiFY+free1HPDocd6dll+NMulNTgKMfS3huNpJ1BW5T24ScPLM1tKqlm5EUeeXZa8EK7Q+eIm5zOhcYd/dbmS42ukwYHKAW4GcFy44E830w4XckzO6SxVsge9+/BBuMzjTExMVJnsxcVrGv3mzRdqqVLezOcO42QCPHZSMkKxCmQiY95AzJA28/CCDXzgISvOw4qo0AJOiJh8A5e4mFvjx3uXOnQ8dTN5QlvieS9/I4U8TLKIM++8804ROhXn/wuXg+Mg2bzaYQAAAABJRU5ErkJggg==', 0, '2019-06-26 14:12:24');
INSERT INTO `photo` (`id_photo`, `id_user`, `photo`, `active`, `ts`) VALUES
(13, 11, 'https://randomuser.me/api/portraits/men/41.jpg', 0, '2019-07-15 11:16:51'),
(14, 12, 'https://randomuser.me/api/portraits/men/47.jpg', 0, '2019-07-15 11:16:54'),
(15, 13, 'https://randomuser.me/api/portraits/women/25.jpg', 0, '2019-07-15 11:16:55'),
(16, 14, 'https://randomuser.me/api/portraits/women/87.jpg', 0, '2019-07-15 11:16:55'),
(17, 15, 'https://randomuser.me/api/portraits/women/44.jpg', 0, '2019-07-15 11:16:55'),
(18, 16, 'https://randomuser.me/api/portraits/women/80.jpg', 0, '2019-07-15 11:16:55'),
(19, 17, 'https://randomuser.me/api/portraits/men/23.jpg', 0, '2019-07-15 11:16:55'),
(20, 18, 'https://randomuser.me/api/portraits/men/98.jpg', 0, '2019-07-15 11:16:56'),
(21, 19, 'https://randomuser.me/api/portraits/men/13.jpg', 0, '2019-07-15 11:16:56'),
(22, 20, 'https://randomuser.me/api/portraits/men/48.jpg', 0, '2019-07-15 11:16:56'),
(23, 21, 'https://randomuser.me/api/portraits/men/9.jpg', 0, '2019-07-15 11:16:57'),
(24, 22, 'https://randomuser.me/api/portraits/men/58.jpg', 0, '2019-07-15 11:16:57'),
(25, 23, 'https://randomuser.me/api/portraits/women/74.jpg', 0, '2019-07-15 11:16:58'),
(26, 24, 'https://randomuser.me/api/portraits/women/85.jpg', 0, '2019-07-15 11:16:58'),
(27, 4, 'data:image/jpeg;base64,/9j/4AAQSkZJRgABAQEASABIAAD/2wBDAAQDAwMDAgQDAwMEBAQFBgoGBgUFBgwICQcKDgwPDg4MDQ0PERYTDxAVEQ0NExoTFRcYGRkZDxIbHRsYHRYYGRj/2wBDAQQEBAYFBgsGBgsYEA0QGBgYGBgYGBgYGBgYGBgYGBgYGBgYGBgYGBgYGBgYGBgYGBgYGBgYGBgYGBgYGBgYGBj/wAARCACAAIADASIAAhEBAxEB/8QAHQAAAgIDAQEBAAAAAAAAAAAABAYFBwIDCAEACf/EADcQAAEDAwIEBQMBBwQDAAAAAAECAwQABREGIRIxQVEHEyJhcRQygZEjM0JSYqGxCBXB0RYl4f/EABoBAAIDAQEAAAAAAAAAAAAAAAMEAQIFAAb/xAAlEQACAgIBBAMBAAMAAAAAAAAAAQIDESEEEhMxQQUiUTJhsdH/2gAMAwEAAhEDEQA/AOqK9T+8T81BM6qtXlD6p9LC+oVRLGorQ+4kNTG15I5KrnJMIsJjKW8sjFRz6EqJRsCR1qRfd4bUXkfy5GaWrW7Jubby3BhSScEVj8qGWaNE/RH3t1MGApxwbp3BpHnahttzgDhcCXUnkT+f85p6vrgkWdxlxI81HNJ61zH4tXZvTduL0NwtSH8tt8BxjufwP70iuP1yUUdZa14JLX/jWjTcV2x6fk+XL5PTUEEtnqlv+ruelUVN165c7h9TPDs10cn5TqlqH96r+bMkTJy1urUolXM0dGhzJCvMZjrLaeX/ANr0NFEKIpIUnOVjwh5b1KJKCGni2VcwVkH8Gtg1A6yQmQ9xJ5bq4jj5pTFnnOs+YWS0CccSth+O9YvaeuKUealsrAGcnNG60V7NqXgf7b4hXCxT0PRrhICMg8IeIA7Y7V0/4U+McfWccWm5uBdwSP2biyMuDscdRXCbKC6pQkFIPJAUP7mmDROpJWmtUsXFp4s+Q5uUjIxy5VWyGVlEQn6Z+mtvwU49Nb56Qm0u4A5dqorQ3ijEuqwpjUBeX9y0upAPvsBkD9aupc+PN0957DoWhaArKdxvQ4v9CS0tCkylRKwRtxdqNjKDUhCiAMEHb5odpQSlRzjKq+LmVbU3jKwLeGVXdUvyraLq6ClJHqAHWlyPOciSQ8y442SQUYOwOadNOIkv6MIlYW0UYSldVxdWn49wWkhYCTsMfb/3WdNOOGCZcVr8V5LVt+jvsLJ4cBbZzn57UdB8RItiSpYt8h5t07Dh3FVbZVOT2UqcbU4lG6VdT70/pg/7tHaQw2CsjAA7dz2+aWmurY/TN40Q2rtb3e7q+pt0dEVs7ZO5/NckeI2p7hftTvtylcSIzhaG+Rsdz+TXVt2h26z/AFiJLhKkoLnljlsCT8fNcR3Weqbc5MpRGHHFOfqatwq/s5lG3nbCbBZzebu3HSD6iNx810naNC2+Jp5ENxvClJGVgDJOKTfCHRaWbc3eJ6UoW96kBXRPPNXSiXaeINi4xln2cFGsm5vET0Hx9EaIZs8sWYeh7eZyZEphlxSAEpzyH46Vsu/h5HuccoS+UIzkobwCr2z0ptQqOvHlvJV7550U0435/lhQKu2aE8/po4i/By/rLwxvUSSqRbrY4Gkcyk9Krc8cR1bSm1eYDhR61+gLNuYlRlIeQlQWnGDvXG/jBpdelPEiRGKeBmQfNaOOYNF417lLtyML5LiQgu5AB0jqSVZb0xMYdU1IbPG24lWOXQjqDXaGnvFKdM0HFdY0u4tl1riDyFpxnrjJzzzXBtmbcnXeNEZSVuLcDbYTzyogY/vX6QwNAN2bRbEFlAZS0wlPCnGx4RkfrRZqTaaMpvQq2nUT8tpa1wls75wrcipeNcXHnMBOD8Vnb7a3FjOpxvvWDSA3K4h7U5DKWwBWGldQCRA8h55aC2MAJ5EAbA+1G3V+Nc3kqbilpOOErKfu9qUNEPNxFuuPqBTjcnlmnu5BlVnTLbK1tY4iQNlfikotyh9iiZhAhtSklmGtLXANz0Pt803QI5srLbcRCnZT3pAzkn3Pb/FV9AuKly25DTK0tKBQlR6jbl3HzvTOzdlW+4OMxnw48UbuKOeEUrJjFbSI3xRtzFs0Nd5S3RIukiE6nhRzBKTyrhq2Q3LneoVvQCC+8hBGN+ddUaqvD8y9LSt51TYUeNSjzPaq3XpBu2eLGmJ8FgIgSzxpxyK0q9Q/uDVePek5RGuLV37Nesf7G7WcVu36ejQXpMiNCaQAsRgeNzAwAMdKqCc1aJiz/tbd4YcSCoOOKIBA57V1tIssGfB4JQQSRjc70h3bQLbMlTjU8paG+FJSo/riurnKKyz0lnFVzEnwvcuCiWEXR+QjYJbePI9xWzxH1DfbPefIiXQR1hHfkacdH2WMxe+Jg44cniPM4rPxF0Ei73v6ltLKnFIHpdScK9sjlUdTUlJhpcZdvtxEjSOtfEv9k6nU8OUNuFlzcq64zivv9RDy7zozTGqZEcR5bqlNPIHQ/P4po0f4SxVy23n7e1GKFcSSw8oEnpkcjWzx4tyFWPTdjdRxByYQU474SMfrXOxq2LELuO1S4e2KH+k/RLOq/GxF1nMKchWNn6s5TlK3ScNpPTbdX4rva5O5tTwzyTVCeBsa1aLYn2yzsIUH5CnJDyealcgPYAbAVcNwvlvRaXi7IbC+HPDneno2KSyedeMYERd9DHnlaCG0qwVY2oWPqC2yXMIkJ4uu4oCZcWZ2kJq2WeSlYUKomyS5RusjLq14UdivYb10uX040WhSpvyGuuyoLTbIjFCUqyoHbixRE7Wd5ethYjoxGSOEjGc96P1nc4UxtMi2epzBC0jofioLSDUyal7zUtuMoyCgikZSk30piEns32fV08RA2VcXl7Y5Z7Z/7rYvWc5F1cnlhJUU8IQDtUa2yy1dpRQ22lAUMt8hg1qugaWr9iyW2x9yzgde1LTbQTeNBD8t6VxzXt1Ob8PQfFMFouNsfbsdu89KpzXmu+USCQATv7bUgzX/ACm0tR5JXtyJrXY5q4OpoFwfUeFl0hRHRKhwn/NDrl0yyxjgch1XL/Oi27zqdq2xFSH3MJGwxvk9qTJF/nXRz6l93DCTkR+LHGPemSbEhTGHUvp4m8+Y2B3pYh22+wdUOW2RdYiLa6kmK7IZGx/lUqma/t5PbxmStk1ww1M842j6cJVhIQQQoVM6h1s1f4i5dst8qPNilKUrWQEOpHMYrbG8N71JbbUyLHJ8wLXxNOFIHDy3HeljVEG+aclRICdPQJ0iU5wluPJVxJ9z7VMnJyLK2D3HY6aK1vHmpQogJWFcK0HoeoojxAjWy4S29V3DiWm0NhUWOB6S8tWErV3x0Hekmwacctl2XcArhLykpLSVZHFUdrPVcyRdpVjRJ4oDK0jy04wVgbknrg0vOxt6ZlfK8tU1Z9vwFWXXVystxfdiLSlL/wB+eXzTVpW8SdR352JLuJ8x5PpwdvxVVNrD7P2JAT25026Ps8m7uqm26V9KuLhQdG+SN8YqePOXVg8fVNluSNFvW/Q8la7g4VZUcdOXSuf2FebKdQ1xp4VYI/NXXKnX+bo2S68+lASCFBRyT7+1UvamkfVPqW9sV525neneRFSSNGnof9aPV3IyG8JbIzzPtRNom/SuHyuINr2WBS/EdUXEFRHDyIzTnppcAKcjvNhSeLKk43IpeEX1eTKUXnZD3VaxdWZsUnyeIBRVv1963ajfdTHbeykNOgAJSf8AnrTFqGJFgsKkRWElpJStKMbD9aVX5jV1s63ZJShSVYQjO4HSus9phVLWBfcSpJOCSf6ayiIWp9ttafvUAf1re1EdJJzwpVslSzgfqasLSnh55tsY1BdJjbkVR42WWjlTmDzJ6JyPk0GVMv6a0N8fhW2Ti+nR82tUW5OW14kFs5QSfuSetSrwjPQ1MymS4nmOtAattzz7aZcTKZLR4knuOoPtUbaNYQc/Q3RQjyUHB8zYKNMVwxs9kpqOyTgXByG8Y0dwN7Y9O2x/xTFDYtzEZT7TIXKdGVOq3OKiYtysXmLeS60QT6lGvH9SW3zPp7csPuLPCODlk9B3oXItaWgqnF7B7rJmwbVNnQ2SsMJGSOSSpXCD+pqplecqe4rylrUs5Uee56mulbbpVV10DOsy3kNS5qQouqHpCwQpI+BjH5qmZLcaC+7EUpH1KHFoW2vZQUg4UOxxj9KFx6ZzTwec+Y41101KCykLDUKc20sLIDZ396dNBCZJlqbZuf0TCTw8AIBUcVDqn4huPqhp41KGM8se1E2u9Qk3Nh4MCMkD1KA2JpiC6H9jz7zXpofpUWDb7PORJurzjis8B4vTy6VVUFcKJLWHlFQJ71Z1ziWW52BUluUESEghYB+73qsbpYpEVXmsZdbVuCner3Jv+SHa86JWbppp+/MGEr7sHHT5qUiRBD1GlqYoIDqsHg5nHSom43Zy0tssziuLMB40NgYUpPLO52FLVx1bJcleehZZcA4QUHcD56finocVyw/Brcf4yy9Kb0i0PEKdYYmnI7kWezGfAw5GUSpwjrkDkapydqZIty1w44b/AIEuq3Kj3xyFRE+UuWDlZUVHJKuZPzQDnpjhhXIDPPNNLi1wecbNKrg1VPKWWEyL1JWny1PuKCTlBUonfG9WT4T+J6Yyf/Eb4/iM6smI84f3ajzQfYnlVROtlQ696CdRkDCuFY61NkOuPSxh2TWDsuSwh1okAEEYBzmkTUWlYUt4uuMeo/cQOfvVf6F8a37Gyi0apYdlxUYCJSN3EDoFD+L/ADVsNa20DfoYVF1LBbcI/dvL8tQ+QrFZNtU4etB4WwkJEfw3M1KnI8s8IP2hRAA+Ks3R+jIdkbQ84Q89jCVKT9vx2qBi3DT1vlKljUMBCDzP1SMf5oa9+Oej7HH8u3vKu8sD0ojDDef6ln/jNK9m214wFdlcC3bnqG3aT029erk6ltllPpGd1r6JA7k1yLcb/Iueq0y3iQ49IW+vh6KWeX4BoTVfiNqHXFxEi4uBthr9zEbOG2vf3Pud6X4ckuXpjBPAhXESeprW4fG7O/bKLkJYS9jMjUcuKVqKuJOcPNHdLg5Zx/MO9TEaVbZikByWISFnCXsFTWfcc0H9RSVKV5he9zkULCuC40ksqPG05zBpuymFmpoz+RCuxuNkf+lgX6TedOR0lSiWV44HmzxNrHcK5VvsWr1mOll9XEk7gHpS1bNTTLSkxHCiXb3D640gBaD+DUwmLp69sLVZUm3S0gFDZcy0o/yjO6T78qRs+OcFisXq+Kq6008r89kPqS/vX2/yLjNdK3nTknsOgHYCogyy8ClZ/aI5HuKDKyoKOc53oV18tKQ8P4ThXwedaK0aNl354DnJCggDNDNrJkqSVHcbVk6BgY5HcULxFKwsZzmuBz1skC5wtjKem9CucKumN63r9SckkUMU7kE12C7WgZxoLzxAK+aGLAzjcf3o7hJ2zWHD3FUwLSrWQERN/vz7YralhIVuCfk0QEAHNZYFTgqqz4FRwnYCtscluUlfXBrAA9q+yePIrlouo4eSR4iWCc74qKdWUvpztg0a04SkozQEsKwF/mrkX5wmFOSFJUpOxFHQ5jkRpsoUQpas7dhUK6oFYIP3YNEtqKrwhsK2RhP/AHUFarMSTMkvYXvyO1DyiClSfbavnlDiIAwf80I89ljc+oHBqrZFk9Eg27/69onnwgVksARk/rQzW8doEgAJBNbVPIdjenACTjI61ZBOrMQwniZTjqKx4fTmvEEfTo5cutepPvUjP5k1AYXmvnk+oHkK9WRwnv3rNQCmOfKoZGM5BgN69Iwa+VhIyOleFQwDjeoYJrBmk5GcVjy3r5JHDsa9/h2qCD1KsEHtXq0edFUQBlJ5Vr647Vkgn6N1ST6kqBqcnNdWmAHPlIzzQ4B+DyrNh8NynXSd0gkfJrcQ07I2wlR+4dPmo9hQceKlbpzxEd+wrsiUvq1g/9k=', 0, '0000-00-00 00:00:00');

-- --------------------------------------------------------

--
-- Table structure for table `swipe`
--

CREATE TABLE `swipe` (
  `id_swipe` int(11) NOT NULL,
  `id_user` int(11) DEFAULT NULL,
  `id_user_matched` int(11) DEFAULT NULL,
  `like` tinyint(1) DEFAULT NULL,
  `id_match` int(11) DEFAULT NULL
) ENGINE=InnoDB DEFAULT CHARSET=utf8;

--
-- Dumping data for table `swipe`
--

INSERT INTO `swipe` (`id_swipe`, `id_user`, `id_user_matched`, `like`, `id_match`) VALUES
(79, 4, 2, 1, 25),
(80, 2, 4, 1, 5),
(81, 4, 5, 1, 25),
(82, 5, 4, 1, 7),
(83, 4, 1, 1, 25),
(84, 4, 3, 1, 25),
(85, 4, 6, 1, 25),
(86, 4, 7, 1, 25),
(87, 4, 8, 1, 25),
(88, 4, 10, 1, 25),
(89, 4, 11, 1, 25),
(90, 4, 12, 1, 25),
(91, 4, 13, 1, 25),
(92, 4, 14, 1, 25),
(93, 4, 15, 1, 25),
(94, 4, 16, 1, 25),
(95, 4, 17, 0, 25),
(96, 4, 18, 0, 25),
(97, 4, 19, 1, 25),
(98, 4, 20, 1, 25),
(99, 4, 21, 1, 25),
(100, 4, 22, 1, 25),
(101, 4, 23, 1, 25),
(102, 4, 24, 1, 25);

-- --------------------------------------------------------

--
-- Table structure for table `tag`
--

CREATE TABLE `tag` (
  `id_tag` int(11) NOT NULL,
  `label` varchar(255) DEFAULT NULL,
  `logo` mediumtext,
  `tag` varchar(255) DEFAULT NULL
) ENGINE=InnoDB DEFAULT CHARSET=utf8;

--
-- Dumping data for table `tag`
--

INSERT INTO `tag` (`id_tag`, `label`, `logo`, `tag`) VALUES
(1, 'You are too mysterious, surprise', NULL, 'Surprise'),
(2, 'You\'re a little bit shy and you do not want to go too fast', NULL, 'Pingui'),
(3, 'You are looking for love', NULL, 'Maxi king'),
(4, 'You are looking for a night delight', NULL, 'Délice'),
(5, 'You are looking for a nature lover', NULL, 'Country'),
(6, 'You are looking for a small person', NULL, 'Maxi'),
(7, 'You are looking for a tall person', NULL, 'Maxi');

-- --------------------------------------------------------

--
-- Table structure for table `user`
--

CREATE TABLE `user` (
  `id_user` int(11) NOT NULL,
  `firstname` varchar(255) DEFAULT NULL,
  `lastname` varchar(255) DEFAULT NULL,
  `email` varchar(255) DEFAULT NULL,
  `hash` varchar(255) DEFAULT NULL,
  `gender` varchar(255) DEFAULT NULL,
  `birthdate` date DEFAULT NULL,
  `interest` varchar(255) DEFAULT NULL,
  `bio` varchar(255) DEFAULT NULL,
  `distance` int(11) DEFAULT NULL,
  `minage` int(11) DEFAULT NULL,
  `maxage` int(11) DEFAULT NULL,
  `validation_key` varchar(255) DEFAULT NULL,
  `confirm` tinyint(1) DEFAULT NULL,
  `popularity` float DEFAULT NULL,
  `position` varchar(255) DEFAULT NULL,
  `online` int(1) NOT NULL,
  `last_connected` date NOT NULL
) ENGINE=InnoDB DEFAULT CHARSET=utf8;

--
-- Dumping data for table `user`
--

INSERT INTO `user` (`id_user`, `firstname`, `lastname`, `email`, `hash`, `gender`, `birthdate`, `interest`, `bio`, `distance`, `minage`, `maxage`, `validation_key`, `confirm`, `popularity`, `position`, `online`, `last_connected`) VALUES
(1, 'Gabriel', 'Drai', 'gdrai@student.42.fr', 'sha1$1131b2d3$1$5a7cc83688d2de472071109a106194ee4b9dd578', 'Female', '1995-02-14', 'Male', 'TOP\n', 30, 18, 71, '232b10255d2189b73a8dc75c0048293155e2c398dbb241b0bda3d588c91d7bc2e354812036c85e6d', 1, NULL, NULL, 0, '0000-00-00'),
(2, 'clement', 'foltran', 'clfoltra@student.42.fr', 'sha1$1131b2d3$1$5a7cc83688d2de472071109a106194ee4b9dd578', 'Male', '2000-02-14', 'Male', 'bonjour', 43, 0, 83, '742c24baeefac817c055b7e971894d1925bed69c5839920a2de9f5472c2b089d5a14a12bb9ea1e84', 1, NULL, '{}', 0, '0000-00-00'),
(3, 'Charles', 'Vignal', 'cvignal@student.42.fr', 'sha1$1131b2d3$1$5a7cc83688d2de472071109a106194ee4b9dd578', 'Female', '2002-06-12', 'Both', NULL, 10, 18, 25, '108ae206ab43fc59b202a0b59296f91fe60150b33c943deb8e6bfc8f2daf89b7ebdad5c7018ae69c', 1, NULL, '{\"latitude\":48.887079,\"longitude\":2.3132741}', 0, '0000-00-00'),
(4, 'Guillaume', 'Lavignotte', 'glavigno@student.42.fr', 'sha1$1131b2d3$1$5a7cc83688d2de472071109a106194ee4b9dd578', 'Male', '2003-06-12', 'Both', '', 88, 5, 81, '3e0fe7253d23faadfea04f774d9aeddf285abba27135dac29e26fa88f116efa7554f73adca4cf94e', 1, NULL, '{\"latitude\":48.8966664,\"longitude\":2.3184348}', 1, '2019-07-16'),
(5, 'Julie', 'Chainet', 'gchainet@student.42.fr', 'sha1$1131b2d3$1$5a7cc83688d2de472071109a106194ee4b9dd578', 'Male', '1998-06-12', 'Both', NULL, 10, 18, 25, 'd82a6d1f50ad2f6f7741d6cb1a622ba3a3725c5498d673d3925f7d7bd68ce1835ec588b35fe877c5', 1, NULL, '{}', 0, '0000-00-00'),
(6, 'Alaë', 'Peyret', 'apeyret@student.42.fr', 'sha1$1131b2d3$1$5a7cc83688d2de472071109a106194ee4b9dd578', 'Male', '2003-06-12', 'Both', NULL, 10, 18, 25, '63b070c510c002d6d4c7ba07776ac45b3e3dd2f53291c2d79f3351240ea28f81e84e6a9e41010dfd', 1, NULL, NULL, 0, '0000-00-00'),
(7, 'Martin', 'Scaglia', 'mascagli@student.42.fr', 'sha1$1131b2d3$1$5a7cc83688d2de472071109a106194ee4b9dd578', 'Male', '1995-02-14', 'Both', '', 58, 18, 21, 'ecaf4473e7c4923c02b2d9ddf728b6775f0a560e7c024328e1bc2ad0357680676cbe5068c591a384', 1, NULL, '{}', 0, '0000-00-00'),
(8, 'Maboi', 'Blibu', 'fasi@4easyemail.com', 'sha1$1131b2d3$1$5a7cc83688d2de472071109a106194ee4b9dd578', 'Female', '2000-07-02', 'Both', NULL, 10, 18, 25, '446d5136d35888ae6834950193ff9b2fc6fe022ea66931ac406d68c08d5e1dac3f2a21a27bb6d1fb', 1, NULL, NULL, 0, '0000-00-00'),
(10, 'Maboi', 'Rocco', 'xexomaniv@crowd-mail.com', 'sha1$1131b2d3$1$5a7cc83688d2de472071109a106194ee4b9dd578', 'Female', '2019-07-03', 'Both', NULL, 10, 18, 25, '0debb0be6caad5b0b8050bc485a48f6993b664d69e35154f4d797334f15d1dacbedc24dbc7bc4bda', 1, NULL, '{\"latitude\":48.8966686,\"longitude\":2.3184822}', 0, '0000-00-00'),
(11, 'samuel', 'hiltunen', 'samuel.hiltunen@example.com', '827cfaf617e85f346791cac821891cd5b13587d9', 'Male', '1945-05-25', 'Female', NULL, NULL, NULL, NULL, NULL, 1, NULL, '{\"latitude\":\"-14.6259\",\"longitude\":\"-72.0432\"}', 0, '0000-00-00'),
(12, 'marvin', 'otten', 'marvin.otten@example.com', '5c065aab09af843f973f0881dc7ed4dbe1c3c46b', 'Male', '1989-04-23', 'Female', NULL, NULL, NULL, NULL, NULL, 1, NULL, '{\"latitude\":\"-45.5854\",\"longitude\":\"-121.7823\"}', 0, '0000-00-00'),
(13, 'neea', 'kujala', 'neea.kujala@example.com', '02dbb01106fbc071c717d54e79d9c6c268d95360', 'Female', '1945-10-31', 'Male', NULL, NULL, NULL, NULL, NULL, 1, NULL, '{\"latitude\":\"-14.8317\",\"longitude\":\"84.2580\"}', 0, '0000-00-00'),
(14, 'sara', 'tanner', 'sara.tanner@example.com', 'e6069cb4d9ef446851f83bb37ed1d0845fbedbfc', 'Female', '1968-03-15', 'Male', NULL, NULL, NULL, NULL, NULL, 1, NULL, '{\"latitude\":\"-12.2528\",\"longitude\":\"56.6514\"}', 0, '0000-00-00'),
(15, 'kaisa', 'gjernes', 'kaisa.gjernes@example.com', '662786116c4e8ff7def15dcc1bd117cd8a00fef6', 'Female', '1960-06-14', 'Male', NULL, NULL, NULL, NULL, NULL, 1, NULL, '{\"latitude\":\"57.7040\",\"longitude\":\"52.3189\"}', 0, '0000-00-00'),
(16, 'kübra', 'balaban', 'kübra.balaban@example.com', 'a933ebeae606572ac93d2f9f143eaa80891e5999', 'Female', '1989-10-23', 'Male', NULL, NULL, NULL, NULL, NULL, 1, NULL, '{\"latitude\":\"76.5482\",\"longitude\":\"76.8269\"}', 0, '0000-00-00'),
(17, 'jacob', 'hansen', 'jacob.hansen@example.com', 'e023a6019f591f80bbe8fe220661e641f98d0b29', 'Male', '1957-06-11', 'Female', NULL, NULL, NULL, NULL, NULL, 1, NULL, '{\"latitude\":\"-29.4670\",\"longitude\":\"-71.4397\"}', 0, '0000-00-00'),
(18, 'محمدعلی', 'مرادی', 'محمدعلی.مرادی@example.com', '2aa526e31980c942b68af9f2caf27e574217362a', 'Male', '1993-02-20', 'Female', NULL, NULL, NULL, NULL, NULL, 1, NULL, '{\"latitude\":\"32.5928\",\"longitude\":\"-22.4947\"}', 0, '0000-00-00'),
(19, 'elias', 'christensen', 'elias.christensen@example.com', '165bd8514d94b2e85b206982b0af7dabb4a9e3f9', 'Male', '1958-10-09', 'Female', NULL, NULL, NULL, NULL, NULL, 1, NULL, '{\"latitude\":\"-28.3363\",\"longitude\":\"-113.4381\"}', 0, '0000-00-00'),
(20, 'william', 'hansen', 'william.hansen@example.com', 'dfd694970501b15edca55450fb2e056d5a9dc5db', 'Male', '1979-03-13', 'Female', NULL, NULL, NULL, NULL, NULL, 1, NULL, '{\"latitude\":\"-34.8140\",\"longitude\":\"-109.3291\"}', 0, '0000-00-00'),
(21, 'marinus', 'hellings', 'marinus.hellings@example.com', 'aec1fb0d5d82e77fa7d555ebe01128f49cda3f91', 'Male', '1987-01-06', 'Female', NULL, NULL, NULL, NULL, NULL, 1, NULL, '{\"latitude\":\"37.0930\",\"longitude\":\"-85.0370\"}', 0, '0000-00-00'),
(22, 'celto', 'martins', 'celto.martins@example.com', 'c17e7b139e05364ba0f164aea29c0bb85a1f23c8', 'Male', '1971-02-09', 'Female', NULL, NULL, NULL, NULL, NULL, 1, NULL, '{\"latitude\":\"-77.5559\",\"longitude\":\"-18.3962\"}', 0, '0000-00-00'),
(23, 'rosa', 'jensen', 'rosa.jensen@example.com', 'ab3b2884eec2dc1416883bb2271b2a1ca63c78fa', 'Female', '1989-07-25', 'Male', NULL, NULL, NULL, NULL, NULL, 1, NULL, '{\"latitude\":\"-34.4899\",\"longitude\":\"122.2961\"}', 0, '0000-00-00'),
(24, 'sélène', 'duval', 'sélène.duval@example.com', '27c18aac3b6b2cb1e2a2fd32239017d10de7964c', 'Female', '1948-11-07', 'Male', NULL, NULL, NULL, NULL, NULL, 1, NULL, '{\"latitude\":\"-4.4907\",\"longitude\":\"74.0602\"}', 0, '0000-00-00');

-- --------------------------------------------------------

--
-- Table structure for table `usertag`
--

CREATE TABLE `usertag` (
  `id_utag` int(11) NOT NULL,
  `id_tag` int(11) DEFAULT NULL,
  `id_user` int(11) DEFAULT NULL
) ENGINE=InnoDB DEFAULT CHARSET=utf8;

--
-- Dumping data for table `usertag`
--

INSERT INTO `usertag` (`id_utag`, `id_tag`, `id_user`) VALUES
(1, 1, 11),
(2, 1, 12),
(3, 2, 13),
(4, 3, 14),
(5, 1, 15),
(6, 6, 16),
(7, 6, 17),
(8, 1, 18),
(9, 6, 19),
(10, 5, 20),
(11, 6, 21),
(12, 3, 22),
(13, 5, 23),
(14, 4, 24),
(15, 4, 4),
(16, 1, 4);

--
-- Indexes for dumped tables
--

--
-- Indexes for table `match`
--
ALTER TABLE `match`
  ADD PRIMARY KEY (`id_match`);

--
-- Indexes for table `message`
--
ALTER TABLE `message`
  ADD PRIMARY KEY (`id_message`),
  ADD KEY `id_match` (`id_match`);

--
-- Indexes for table `photo`
--
ALTER TABLE `photo`
  ADD PRIMARY KEY (`id_photo`),
  ADD KEY `id_user` (`id_user`);

--
-- Indexes for table `swipe`
--
ALTER TABLE `swipe`
  ADD PRIMARY KEY (`id_swipe`),
  ADD KEY `id_user` (`id_user`),
  ADD KEY `id_match` (`id_match`);

--
-- Indexes for table `tag`
--
ALTER TABLE `tag`
  ADD PRIMARY KEY (`id_tag`);

--
-- Indexes for table `user`
--
ALTER TABLE `user`
  ADD PRIMARY KEY (`id_user`),
  ADD UNIQUE KEY `email` (`email`);

--
-- Indexes for table `usertag`
--
ALTER TABLE `usertag`
  ADD PRIMARY KEY (`id_utag`),
  ADD KEY `id_user` (`id_user`),
  ADD KEY `id_tag` (`id_tag`);

--
-- AUTO_INCREMENT for dumped tables
--

--
-- AUTO_INCREMENT for table `match`
--
ALTER TABLE `match`
  MODIFY `id_match` int(11) NOT NULL AUTO_INCREMENT, AUTO_INCREMENT=26;

--
-- AUTO_INCREMENT for table `message`
--
ALTER TABLE `message`
  MODIFY `id_message` int(11) NOT NULL AUTO_INCREMENT, AUTO_INCREMENT=121;

--
-- AUTO_INCREMENT for table `photo`
--
ALTER TABLE `photo`
  MODIFY `id_photo` int(11) NOT NULL AUTO_INCREMENT, AUTO_INCREMENT=28;

--
-- AUTO_INCREMENT for table `swipe`
--
ALTER TABLE `swipe`
  MODIFY `id_swipe` int(11) NOT NULL AUTO_INCREMENT, AUTO_INCREMENT=103;

--
-- AUTO_INCREMENT for table `tag`
--
ALTER TABLE `tag`
  MODIFY `id_tag` int(11) NOT NULL AUTO_INCREMENT, AUTO_INCREMENT=8;

--
-- AUTO_INCREMENT for table `user`
--
ALTER TABLE `user`
  MODIFY `id_user` int(11) NOT NULL AUTO_INCREMENT, AUTO_INCREMENT=25;

--
-- AUTO_INCREMENT for table `usertag`
--
ALTER TABLE `usertag`
  MODIFY `id_utag` int(11) NOT NULL AUTO_INCREMENT, AUTO_INCREMENT=17;

--
-- Constraints for dumped tables
--

--
-- Constraints for table `message`
--
ALTER TABLE `message`
  ADD CONSTRAINT `message_ibfk_1` FOREIGN KEY (`id_match`) REFERENCES `match` (`id_match`);

--
-- Constraints for table `photo`
--
ALTER TABLE `photo`
  ADD CONSTRAINT `photo_ibfk_1` FOREIGN KEY (`id_user`) REFERENCES `user` (`id_user`);

--
-- Constraints for table `swipe`
--
ALTER TABLE `swipe`
  ADD CONSTRAINT `swipe_ibfk_1` FOREIGN KEY (`id_user`) REFERENCES `user` (`id_user`),
  ADD CONSTRAINT `swipe_ibfk_2` FOREIGN KEY (`id_match`) REFERENCES `match` (`id_match`);

--
-- Constraints for table `usertag`
--
ALTER TABLE `usertag`
  ADD CONSTRAINT `usertag_ibfk_1` FOREIGN KEY (`id_user`) REFERENCES `user` (`id_user`),
  ADD CONSTRAINT `usertag_ibfk_2` FOREIGN KEY (`id_tag`) REFERENCES `tag` (`id_tag`);
COMMIT;

/*!40101 SET CHARACTER_SET_CLIENT=@OLD_CHARACTER_SET_CLIENT */;
/*!40101 SET CHARACTER_SET_RESULTS=@OLD_CHARACTER_SET_RESULTS */;
/*!40101 SET COLLATION_CONNECTION=@OLD_COLLATION_CONNECTION */;
